sum(long_shots),sum(shot_power)
69,109
934,1118
867,937
383,781
311,612
1102,1147
75,105
796,904
12,26
480,526
100,188
849,878
72,111
845,928
1577,1610
154,160
158,346
721,984
651,687
78,96
487,491
37,57
338,543
771,779
53,57
110,138
118,126
52,48
150,168
389,403
204,236
214,260
95,167
888,946
53,81
452,588
544,567
1184,1291
438,536
313,295
461,514
94,196
587,594
576,701
315,481
164,186
254,276
151,171
305,362
389,476
330,315
576,690
407,523
609,769
523,540
452,518
40,57
199,247
111,126
144,180
262,363
843,952
903,989
915,1031
283,299
48,66
351,330
1016,1101
625,742
1210,1445
45,70
109,117
406,480
899,946
178,196
213,278
529,666
462,687
118,120
960,1202
44,34
264,248
585,673
97,131
672,786
654,682
456,454
249,303
1185,1298
128,301
37,55
91,109
256,257
137,198
72,165
225,387
194,291
414,407
276,276
330,415
222,215
465,599
118,136
885,856
141,181
772,881
1210,1242
141,198
290,512
1213,1165
919,1059
924,967
266,341
335,337
214,246
707,803
774,775
222,223
288,301
1012,1195
356,394
232,313
97,196
650,770
160,155
521,528
420,438
932,1148
584,556
214,222
100,128
467,465
489,635
218,290
199,263
819,847
208,218
2345,2341
1894,1907
209,206
1042,1190
518,620
811,905
471,467
961,1291
225,294
176,209
136,146
1034,1142
119,120
1526,1545
201,171
558,616
585,468
309,358
550,588
83,149
167,192
362,363
32,71
816,874
136,124
478,433
366,366
627,617
352,330
94,94
1356,1381
199,243
334,478
227,378
710,699
717,698
109,101
221,272
1512,1826
454,455
578,595
340,360
925,903
725,1024
2012,2239
104,122
35,44
782,823
120,149
396,370
88,148
66,61
422,439
410,437
39,52
892,907
1958,2027
504,547
570,619
1003,1039
201,339
379,398
613,665
527,474
403,410
833,947
330,394
284,392
836,954
247,336
748,812
186,199
649,808
89,122
262,483
307,325
541,570
50,96
187,199
81,112
26,41
261,309
43,57
70,86
1025,1111
206,213
442,559
648,659
62,56
32,26
483,547
164,196
393,554
1047,1269
342,414
180,189
99,118
265,273
636,829
43,60
278,351
402,391
630,999
41,62
423,426
259,284
1264,1268
752,883
1557,1530
97,132
381,384
110,126
90,100
785,986
597,681
80,161
56,157
329,328
260,290
347,335
736,901
353,414
294,369
53,52
820,830
286,363
186,318
50,114
18,46
1119,1138
44,84
226,422
177,213
751,957
561,678
677,706
152,172
1283,1379
406,403
418,454
1916,1939
347,539
72,99
1291,1220
40,100
756,682
56,93
140,343
160,160
856,980
295,288
562,557
209,354
514,569
462,500
48,150
515,577
829,1149
86,175
403,374
136,306
367,444
212,232
720,677
378,224
704,727
111,123
218,362
1134,1244
42,49
138,152
49,55
248,137
281,305
300,286
931,1003
251,274
111,170
716,923
1393,1528
305,325
207,522
1125,1167
735,895
811,814
1132,1044
565,622
360,527
113,144
367,382
417,451
796,880
55,66
309,316
21,42
1023,1104
1084,1162
152,200
494,614
208,240
149,265
781,888
187,248
453,536
581,607
190,175
258,271
189,257
805,841
662,664
176,220
123,174
648,708
454,475
59,66
538,551
89,127
61,68
286,250
83,90
980,986
420,434
968,1039
561,741
1047,1026
548,592
193,181
256,232
234,426
44,89
1252,1136
1496,1450
1139,1200
201,246
599,922
1349,1494
196,204
93,204
116,128
243,378
393,435
645,661
81,91
1302,1764
450,658
637,634
236,252
364,591
174,190
1318,1483
768,827
1152,1149
2773,2735
99,174
65,66
88,137
562,715
86,216
1070,1133
2889,3307
261,403
312,379
367,389
69,100
252,263
680,611
176,336
138,146
247,279
135,267
384,440
529,584
67,91
24,52
841,860
442,534
122,181
525,607
137,146
392,400
204,244
758,757
313,612
120,205
645,578
27,25
1097,1210
382,412
330,505
571,605
498,828
871,943
104,135
177,138
198,210
809,847
851,965
650,680
131,171
165,174
89,95
487,662
747,901
1344,1373
430,423
586,637
1134,1177
464,516
105,220
723,780
59,63
625,1045
707,776
1037,1137
1117,1048
721,941
770,835
358,400
49,92
480,508
126,193
1056,1187
964,1041
663,823
38,59
58,106
563,569
498,583
554,500
114,128
126,110
805,965
288,305
1407,1507
75,108
411,429
407,480
254,357
1188,1266
47,111
486,519
159,201
487,538
143,239
877,925
820,921
475,453
252,641
192,240
256,298
80,88
260,358
318,648
1592,1642
141,137
336,361
28,53
147,304
303,326
168,159
873,959
855,932
517,493
671,795
503,627
279,384
282,290
491,697
590,699
697,759
136,204
242,286
63,77
459,627
192,195
393,365
23,31
62,72
29,65
199,235
70,89
485,673
468,607
142,166
325,345
1182,1292
128,177
604,814
51,66
285,360
176,276
127,144
74,108
659,723
362,399
76,119
686,953
690,786
733,836
92,162
270,230
384,408
430,436
62,64
934,990
879,1144
182,192
711,887
731,894
587,751
162,120
485,497
1136,1125
126,229
212,193
387,420
831,988
1526,1697
1052,1141
780,839
1026,1253
448,601
606,504
666,752
146,190
1009,1235
122,118
122,136
177,195
356,442
348,283
173,185
400,563
1131,1419
126,116
131,192
499,656
580,609
122,160
248,292
802,903
601,786
731,817
882,1270
387,498
187,225
246,267
180,190
135,154
476,725
43,37
640,685
190,178
649,775
945,998
135,133
72,73
317,404
725,694
822,967
301,394
804,840
558,636
191,271
1258,1737
225,267
22,63
140,173
179,213
210,258
45,73
1164,1236
43,50
446,382
132,177
39,40
1130,1186
134,131
593,599
434,488
318,339
872,881
1187,1269
85,109
94,116
1047,1065
264,274
268,355
578,750
212,242
84,146
748,774
716,780
212,200
183,201
712,954
183,187
250,335
1049,1143
1013,1200
363,473
301,525
308,346
735,804
65,155
135,174
152,253
511,558
910,926
218,330
322,482
42,43
402,398
465,560
638,735
1924,1983
1022,1023
104,156
307,345
183,219
601,601
245,299
1283,1398
158,122
930,1503
612,701
928,917
140,298
677,808
913,908
357,683
248,391
361,435
1514,1179
495,713
695,786
330,602
228,240
378,348
110,291
1416,1477
156,176
754,760
411,526
372,456
573,586
128,232
64,66
524,578
233,233
2259,2095
318,325
1378,1357
655,820
776,1389
899,1016
884,789
361,320
132,167
519,600
244,223
628,743
469,499
144,215
445,744
983,999
308,450
55,64
132,318
235,276
1456,1457
1035,938
1101,1268
627,640
558,543
330,359
182,382
721,907
1117,1183
1096,1188
223,380
372,507
224,228
396,475
163,200
1612,1646
1000,885
184,232
314,348
25,25
101,154
124,368
461,563
539,567
162,192
240,457
1015,977
314,397
712,720
902,1012
832,877
720,792
283,409
21,46
41,44
316,412
1256,1269
193,241
837,972
325,287
997,971
379,479
661,737
1028,1038
1404,1459
741,872
650,730
177,186
106,151
261,295
393,404
835,889
12,22
340,440
905,961
813,870
625,648
34,49
196,246
106,132
157,193
822,809
112,134
809,883
333,362
396,500
428,471
46,70
630,644
894,907
1075,1114
678,827
1050,1111
977,1046
249,252
732,862
627,733
704,790
264,352
664,774
31,44
1088,1550
843,883
195,169
161,359
351,387
580,676
93,129
209,197
78,62
762,795
436,440
664,699
493,567
82,125
146,215
396,422
445,482
282,449
453,511
632,777
37,66
53,57
481,431
40,73
585,670
247,383
548,587
908,942
421,525
302,368
190,320
69,136
925,990
815,928
379,425
45,49
969,1047
68,141
1564,1688
88,130
803,780
315,435
743,764
361,364
272,317
76,92
1158,1292
800,961
854,1059
902,1031
73,121
427,486
261,308
344,499
636,678
64,94
234,432
940,956
827,804
58,55
105,150
198,314
541,687
298,382
39,45
732,772
310,387
426,382
312,369
157,213
211,303
876,1067
767,891
1045,1129
930,1076
550,628
357,484
1873,1951
269,275
1777,1698
53,204
232,235
482,553
2576,2492
63,75
122,267
69,86
174,204
1515,1572
80,144
206,387
466,446
791,753
442,466
628,821
542,873
60,58
343,400
83,113
207,302
1300,1351
74,86
180,378
460,835
814,1061
362,443
38,42
597,662
1403,1629
309,409
666,682
617,639
176,226
297,319
30,50
171,184
43,58
939,1102
506,557
280,284
80,76
575,915
706,729
726,795
718,806
328,335
1647,1611
329,369
154,309
733,742
768,791
1184,1421
785,1057
107,121
284,353
1335,1418
365,435
542,629
638,731
216,274
37,52
1536,1448
756,730
39,57
713,800
423,516
484,618
356,615
431,631
304,348
294,360
282,318
44,76
1226,1282
313,336
500,736
379,459
104,126
397,455
247,274
82,106
734,763
376,598
264,292
246,286
52,105
127,133
248,304
213,203
312,300
795,832
1290,1349
462,493
641,705
769,811
539,551
95,123
844,992
124,134
212,271
69,72
24,39
59,107
221,224
947,1193
546,669
215,221
520,486
111,135
1197,1342
1009,1176
176,332
49,45
720,748
399,699
148,169
381,426
769,887
446,517
546,694
412,493
1256,1285
132,130
256,299
50,72
785,861
425,462
151,163
842,982
1018,1144
857,1098
711,720
548,861
1205,1234
62,59
200,280
167,205
481,613
578,640
196,243
446,511
166,320
181,235
313,436
246,354
739,1098
690,806
700,932
186,212
982,1144
339,402
456,671
66,91
186,186
808,740
222,170
110,138
362,456
1088,1332
442,553
231,281
267,314
141,158
269,445
184,179
285,423
1419,1577
165,195
270,280
994,1009
607,659
599,704
113,148
209,388
353,478
575,606
600,562
251,459
168,171
54,79
32,38
479,646
750,956
150,175
828,1051
118,250
1019,1158
34,39
54,69
22,67
1426,1550
706,773
161,249
415,388
469,582
1150,1201
804,1019
116,224
209,443
664,750
1208,1250
203,233
796,905
107,204
429,462
169,247
379,445
281,611
68,132
125,249
197,199
186,212
122,134
187,219
967,1005
1392,1393
48,70
772,1096
970,1043
500,550
677,703
1042,1134
174,173
360,390
385,595
35,68
630,665
80,106
82,130
307,352
307,424
60,72
52,82
65,71
337,445
705,906
471,430
93,93
223,280
683,648
39,57
822,919
256,216
29,44
37,48
388,459
87,180
490,509
625,695
484,483
583,627
178,163
342,345
892,1069
134,191
80,152
622,707
546,635
181,266
94,183
1544,1557
44,58
244,267
161,197
261,318
193,192
1023,1243
175,297
353,589
475,735
163,218
129,130
95,88
409,518
195,271
256,270
35,45
97,103
138,203
333,399
508,663
29,32
470,543
672,711
398,428
810,941
108,148
1269,1359
124,126
72,125
319,644
172,197
97,245
643,779
666,782
80,131
760,783
497,504
627,667
61,65
304,410
293,355
253,354
687,775
875,920
34,53
36,65
33,45
233,318
185,265
90,124
193,463
325,460
593,621
270,514
215,327
68,155
780,933
163,180
171,210
63,94
86,142
581,626
474,528
469,598
118,126
595,701
320,357
1070,1097
100,178
21,32
315,239
644,694
112,106
19,25
47,93
439,536
559,624
701,842
908,1147
969,1079
163,326
124,140
665,722
1348,1349
164,192
716,757
1028,1142
543,867
665,880
77,140
64,61
558,761
773,819
544,638
251,323
442,541
151,203
628,701
285,310
81,195
822,1013
613,654
270,378
552,767
105,128
77,135
126,142
542,589
351,399
244,271
147,277
149,197
410,556
262,221
504,527
782,882
258,288
641,706
268,342
304,400
409,496
514,534
187,452
345,314
1225,1380
226,450
422,447
891,1041
483,621
302,542
604,765
96,113
731,799
394,468
368,377
446,596
1241,1299
506,485
554,527
161,261
252,275
25,25
72,86
163,198
1323,1389
133,131
122,144
270,454
195,397
218,268
118,128
843,918
183,453
1591,1592
501,526
324,433
201,261
21,41
286,284
25,41
96,236
30,50
15,24
488,666
427,526
750,769
295,253
747,873
706,699
395,667
122,182
205,237
86,111
748,664
309,352
1599,1613
532,538
1961,2026
539,732
238,500
44,65
689,770
111,105
358,373
88,104
761,854
27,28
61,65
369,380
996,1116
452,464
45,56
157,319
164,188
260,367
140,145
98,80
1415,1605
178,238
336,430
688,698
476,518
340,382
139,145
66,112
397,671
146,381
276,220
73,78
1015,1134
136,148
208,496
749,783
949,1137
48,61
92,132
49,44
487,501
332,367
138,145
633,752
336,425
96,131
407,503
666,643
934,992
92,108
712,1002
662,758
202,216
236,302
474,662
552,544
683,721
408,509
111,93
159,159
272,327
498,601
213,222
88,146
176,280
35,30
153,153
156,270
453,566
322,335
62,105
114,130
169,195
532,522
442,507
521,585
1109,1240
247,263
115,142
1293,1453
1273,1381
249,261
260,303
1410,1437
354,364
504,569
328,431
458,560
269,413
1321,1325
101,115
511,553
669,805
312,552
150,434
957,979
134,146
128,130
276,285
112,124
678,875
385,388
306,421
184,185
180,219
534,682
101,204
213,233
184,195
785,866
900,983
64,108
441,550
730,1061
84,102
50,68
418,410
1184,1346
53,56
328,432
156,171
343,524
92,172
54,52
545,512
660,670
929,890
928,1018
909,1029
142,166
103,118
872,982
525,591
212,307
574,515
321,403
1307,1366
139,154
367,435
117,141
140,165
533,428
378,502
260,267
406,515
414,347
951,929
51,64
477,488
778,871
313,355
1471,1508
755,861
674,730
487,569
49,74
36,44
156,153
120,116
523,552
577,542
541,626
91,142
216,302
152,220
548,574
146,320
625,563
214,224
349,394
83,111
112,213
64,79
75,93
384,610
402,402
122,130
95,131
119,158
1429,1758
55,67
286,294
128,136
198,168
136,152
823,791
61,64
394,622
372,463
670,979
439,664
604,637
217,302
647,793
665,599
47,62
214,292
513,815
1294,1501
120,143
162,156
90,120
42,63
292,337
1120,1161
436,664
533,575
690,687
1761,1749
306,320
211,291
295,541
53,65
521,584
2773,2911
937,982
325,275
277,332
124,133
120,129
241,412
327,475
666,701
475,628
363,363
139,209
221,287
424,479
458,694
1019,1273
43,59
763,771
658,694
1518,1542
261,189
210,219
188,182
222,360
70,102
834,937
1427,1371
406,417
608,621
55,87
25,24
1602,1654
118,300
115,163
241,281
1112,1055
192,197
809,1028
911,1124
212,227
511,509
95,112
51,65
747,776
140,150
924,1083
644,878
141,171
147,195
692,1163
64,59
157,166
102,156
904,1085
134,197
884,1214
689,735
55,104
60,69
328,328
365,405
151,240
320,344
352,512
570,586
415,443
197,330
48,46
364,364
1472,1651
475,861
978,1075
394,450
81,141
404,406
82,192
29,45
220,236
962,1055
697,816
197,213
434,583
379,598
837,966
1560,1608
373,373
267,393
1130,1215
101,95
1380,1436
395,535
1447,1400
952,1020
730,833
624,669
83,123
235,271
81,156
242,237
332,395
94,175
417,800
623,584
466,510
743,820
212,230
633,665
188,201
657,669
1089,1194
996,1101
56,70
31,50
756,760
347,382
32,27
52,61
1468,1467
722,811
343,355
988,1173
102,94
295,343
51,51
1351,1830
458,453
472,385
188,220
439,447
281,325
940,1107
418,404
481,504
1050,1233
248,437
543,593
888,1081
94,170
94,104
338,386
518,418
102,122
170,280
604,718
1157,1382
168,186
200,318
336,496
589,759
394,422
1071,1138
114,118
375,457
971,968
483,506
489,545
1182,1364
273,294
526,583
68,75
597,732
182,201
457,579
129,174
581,660
269,319
359,411
723,828
276,549
640,777
233,235
72,117
817,966
178,178
218,390
388,724
72,164
21,39
244,249
43,58
573,739
338,377
218,430
286,254
98,98
630,696
547,641
1036,1227
701,714
799,839
1146,1156
180,180
1305,1280
221,442
493,531
623,731
1096,1117
701,791
1293,1375
1207,1208
455,541
1582,1756
894,1319
161,188
305,408
240,360
357,372
25,22
689,934
1242,1306
65,78
247,294
814,930
1145,1226
117,198
470,576
998,982
175,338
264,330
107,132
131,185
1070,1090
759,921
799,920
240,448
252,294
454,872
1005,1036
363,461
994,1038
93,143
218,265
741,836
122,263
210,220
568,658
535,599
292,612
803,1051
208,400
843,1057
376,527
275,431
98,100
280,280
315,445
1011,1199
369,447
197,232
213,275
877,984
1097,1095
51,96
401,609
44,56
32,40
393,469
120,239
626,613
172,205
354,427
1371,1522
28,24
62,95
46,55
806,979
97,173
151,259
209,513
147,243
96,108
182,204
251,262
91,128
1360,1455
515,544
392,489
110,111
653,723
906,1090
1517,1575
1283,1526
52,54
247,279
1169,1164
72,114
890,889
1911,2219
135,291
128,200
455,578
515,529
1073,1090
190,239
306,242
526,581
172,167
248,329
96,242
1399,1457
144,214
1032,1149
379,372
220,401
320,497
254,285
546,792
1957,1920
362,439
172,201
638,724
1843,1930
17,19
156,209
330,412
537,513
951,1103
64,114
334,672
772,798
455,484
1429,1513
611,704
533,697
1476,1522
70,106
559,612
110,146
226,333
355,377
1362,1460
211,251
227,252
670,822
63,65
803,907
87,242
507,638
925,974
55,73
611,753
23,23
22,40
301,421
149,200
19,11
56,108
313,373
109,118
116,98
102,102
937,1141
40,45
198,203
524,556
240,304
673,821
222,246
87,229
465,654
235,387
179,249
472,503
62,106
966,1134
63,94
1006,894
271,239
55,65
95,96
513,585
1038,1129
770,806
252,285
770,777
455,516
339,421
113,322
327,390
358,382
466,526
1122,1116
152,207
107,109
24,22
926,678
67,118
82,78
272,275
112,159
214,254
141,168
329,654
552,771
228,243
132,151
114,126
192,223
493,537
108,84
956,1050
620,849
415,411
1044,1086
251,243
848,770
379,481
582,847
339,343
382,399
958,1002
284,319
745,802
114,178
992,1084
941,878
176,195
627,659
634,734
590,643
1225,1262
630,863
230,254
166,212
786,1021
154,224
1019,1083
132,132
965,1213
549,971
108,132
762,820
990,1098
829,1008
473,437
570,645
106,134
243,348
1137,1192
469,455
208,229
820,799
612,683
274,256
377,432
505,481
148,142
540,866
141,153
879,923
36,38
218,214
81,129
343,387
396,428
198,230
1530,1647
134,221
1117,1367
393,364
165,237
98,117
366,590
344,530
468,564
50,57
531,551
270,416
207,298
93,156
1071,1344
426,524
165,174
801,772
768,899
1094,1181
28,26
24,26
404,480
465,483
37,45
355,337
24,39
151,163
199,206
42,90
424,451
50,63
273,276
260,402
707,1129
192,195
601,619
108,127
173,116
717,579
1281,1323
79,124
40,45
163,201
42,76
381,462
398,440
90,82
265,441
538,492
510,566
22,22
515,481
49,65
47,62
525,664
273,328
91,118
736,741
127,184
156,144
41,49
66,80
641,775
636,718
670,776
452,563
336,488
326,336
76,124
117,255
387,397
552,455
611,633
244,220
987,1234
75,154
1334,1498
842,936
1155,1290
149,186
179,262
832,853
75,238
654,733
57,117
34,39
503,575
869,954
697,762
92,96
170,314
796,833
53,51
1145,1208
620,758
314,662
360,454
240,252
496,586
375,652
347,396
635,605
71,125
183,169
106,124
1154,1251
20,57
301,310
344,340
78,133
104,169
341,369
943,1165
321,539
309,315
70,80
820,1034
1072,1166
655,721
732,794
111,162
1080,1118
316,400
265,298
100,102
698,763
72,112
53,71
413,462
748,1049
187,417
255,336
316,328
675,742
72,92
284,312
179,245
993,1161
565,743
106,126
32,52
1121,1089
365,642
119,115
85,157
868,1001
608,547
717,713
312,541
222,334
643,693
110,126
1334,1495
874,936
1293,1357
169,185
820,1028
830,1029
471,567
709,800
500,821
1083,1077
1296,1596
692,959
561,959
1663,1686
745,936
547,626
1703,1779
344,344
1274,1276
225,354
291,282
1355,1378
391,565
786,876
169,254
462,460
324,670
729,733
677,837
218,302
337,410
206,261
544,630
710,774
350,417
1296,1204
1205,1183
192,171
191,368
3434,3951
599,579
892,1140
717,716
655,779
1500,1627
221,205
619,624
834,872
487,475
276,347
442,471
917,1048
546,617
1361,1430
114,120
472,590
688,773
1034,1090
969,1095
252,332
700,803
885,863
737,792
876,907
149,165
1023,1057
136,144
348,548
575,398
256,262
56,73
304,413
1294,1346
337,391
139,152
45,42
337,420
1235,1471
67,69
45,54
388,509
20,24
114,138
273,399
538,568
529,1072
501,587
398,522
258,345
97,116
882,937
105,119
147,108
143,192
48,60
890,992
521,538
64,110
183,230
751,906
537,552
280,313
362,445
442,430
236,369
52,70
245,260
738,803
571,664
240,260
486,428
97,113
151,193
89,104
409,520
1146,1376
124,206
1141,1160
98,240
119,158
273,288
390,463
178,300
143,224
834,881
120,251
91,113
1035,1074
412,524
402,761
220,208
135,293
342,278
924,1010
1167,1340
27,58
259,367
22,22
304,629
583,680
47,57
666,1098
430,496
1214,1278
814,912
644,756
110,122
332,354
1406,1680
168,255
912,841
499,549
867,833
267,259
644,744
96,93
954,948
744,806
166,306
112,115
299,384
256,244
53,52
131,177
832,902
666,645
119,252
580,640
995,1069
1170,1080
729,696
713,734
689,684
756,934
176,304
696,762
24,35
288,359
672,667
828,758
70,84
818,789
929,1391
604,650
242,268
176,251
86,204
936,1057
143,170
610,660
415,421
107,105
48,51
718,781
320,311
125,148
567,621
128,92
744,727
363,447
125,165
33,49
577,884
2341,2520
1267,1278
145,286
192,229
93,137
306,464
210,125
78,110
958,1200
38,85
516,632
17,25
363,461
51,129
818,1258
1014,1195
681,769
548,553
330,425
137,387
1606,1579
965,1093
143,218
96,150
429,803
156,175
628,690
211,221
694,793
677,859
531,543
176,184
1132,1079
1045,1101
222,252
141,159
104,100
63,141
138,152
258,318
625,671
45,71
770,824
474,553
478,548
724,900
200,327
1158,1148
1281,1304
225,315
351,778
252,270
85,105
122,138
795,854
198,423
830,793
362,509
25,24
827,1201
162,277
193,209
1207,1214
237,287
950,1008
200,200
672,739
204,171
1026,1154
999,955
212,252
500,531
34,33
707,731
227,290
63,195
174,191
604,710
678,780
334,384
814,984
37,74
665,677
348,548
831,1052
178,185
84,122
525,505
1035,1181
1224,1256
112,196
124,200
879,924
351,374
553,629
255,176
45,41
582,598
701,887
66,112
654,602
77,176
545,759
571,633
210,252
145,169
705,695
192,244
85,87
59,67
1125,1216
568,568
453,505
882,970
198,210
36,70
413,564
177,272
142,114
1030,970
472,538
195,459
356,415
105,115
45,51
694,729
106,293
832,955
350,467
337,672
132,155
143,139
550,587
1285,1284
64,71
104,126
124,193
1247,1237
651,555
526,701
373,378
1147,1324
235,267
524,578
623,658
898,951
52,68
315,320
1140,1104
268,265
117,121
670,664
42,86
107,97
485,607
319,367
117,145
167,162
78,148
94,116
205,240
184,319
1200,1257
558,585
165,226
169,151
58,100
431,516
200,354
105,138
439,492
646,664
910,1032
96,135
665,762
1300,1399
227,218
825,809
492,727
136,288
133,265
523,546
306,360
638,722
593,775
872,858
828,924
652,889
117,122
172,200
50,66
924,916
128,140
407,427
523,649
236,263
593,652
156,189
240,288
937,1043
306,310
839,954
464,489
78,78
299,291
624,760
138,142
515,605
54,96
108,108
855,904
212,240
103,360
916,1088
259,372
61,125
348,606
323,360
174,207
775,816
1537,1707
1719,1812
94,122
888,1032
121,163
2234,2249
225,305
357,443
466,495
155,327
834,835
1261,1077
276,283
1275,1360
220,320
1064,1007
125,152
582,712
1466,1785
509,553
144,156
897,953
901,966
720,782
1020,1043
101,169
529,796
505,673
24,35
522,534
320,405
248,264
166,184
226,316
712,862
106,185
552,534
264,194
183,521
93,149
389,435
1749,2001
290,366
925,963
1139,1111
854,956
538,799
137,121
54,76
740,847
585,678
454,398
1229,1282
158,188
121,136
61,69
227,225
871,958
281,349
897,1112
1019,1179
987,1077
612,917
146,326
184,239
408,457
157,169
1564,1516
46,63
880,848
38,86
258,284
372,458
53,42
324,359
54,94
1024,1063
228,550
64,60
159,193
526,562
20,45
183,204
753,805
579,618
34,35
160,192
112,138
256,287
729,857
761,758
318,431
380,450
35,33
374,473
98,136
119,180
2009,2221
274,749
54,62
531,628
188,350
1075,1136
435,490
309,343
790,780
767,817
26,50
972,963
885,985
463,799
61,111
890,1068
381,478
533,587
310,512
274,347
100,108
99,137
1055,1025
45,47
124,126
1178,1317
602,762
511,606
87,145
102,124
1518,1537
881,861
475,417
569,707
416,520
369,387
262,622
294,330
81,109
610,696
676,734
479,502
851,941
365,424
45,62
273,366
67,124
81,129
467,595
276,486
215,305
554,733
53,58
1043,1035
274,319
89,177
544,566
118,260
682,711
244,268
281,286
56,61
54,53
159,106
200,227
208,263
503,597
186,201
128,184
160,442
434,427
903,995
171,287
814,882
187,387
453,511
248,458
1941,2490
108,130
696,710
280,316
52,72
115,125
102,102
328,352
655,605
505,501
1601,1602
116,171
277,327
329,221
571,801
38,55
1242,1334
664,762
57,63
123,154
498,531
336,388
207,206
500,542
1603,1724
361,495
840,767
46,64
57,51
1189,1214
821,909
167,172
526,729
390,682
51,38
643,730
394,448
440,530
401,436
119,155
328,367
399,463
282,318
161,265
473,543
295,301
8,26
184,226
682,773
162,185
184,199
894,944
161,213
644,891
568,713
403,436
1419,1388
630,672
1058,1235
68,118
1248,1352
908,976
369,385
1178,1206
121,162
380,375
589,653
140,179
503,566
554,594
1141,1215
118,128
653,680
942,987
369,393
497,614
127,211
1401,1511
1700,2027
915,984
621,603
171,189
200,268
237,288
210,220
643,700
168,227
517,556
465,499
713,765
790,889
139,190
106,114
561,626
365,374
1080,1120
679,804
490,521
348,378
344,456
162,178
1357,1643
220,244
65,196
43,49
715,727
1069,1075
317,326
555,795
352,407
333,334
220,302
62,126
598,852
1155,1279
171,171
375,550
971,1074
300,497
153,177
1107,1160
73,163
162,231
124,78
825,901
432,458
216,287
1145,1159
680,741
66,159
354,510
727,1099
1279,1353
679,784
1144,1391
77,223
222,219
207,213
1613,1824
57,109
118,134
68,112
1233,1394
1239,1343
255,305
484,753
803,756
303,548
26,26
272,301
546,601
142,138
195,200
187,181
109,130
1010,1107
452,727
111,127
527,514
270,306
304,377
196,267
102,126
432,484
61,59
657,742
669,686
130,173
642,726
128,129
898,1258
894,1040
475,607
145,232
811,976
178,152
1479,1442
22,34
408,533
351,423
460,720
186,268
290,426
1831,1972
767,857
58,63
357,470
1199,1306
675,739
452,569
467,536
787,1206
148,230
86,102
124,148
232,407
386,516
623,638
907,983
96,100
821,969
747,777
102,144
259,624
64,69
412,811
947,1141
810,808
23,33
67,127
308,804
1288,1487
1144,1207
152,194
810,871
54,55
862,1135
1132,1237
729,808
87,204
276,296
461,512
362,400
756,835
236,236
792,961
1450,1494
830,885
382,477
106,138
93,137
274,466
201,241
231,306
82,128
142,226
670,706
24,42
314,346
937,1071
380,504
965,1007
323,319
327,371
475,525
946,1001
112,124
337,426
1056,1041
727,762
394,392
264,306
66,110
27,36
735,756
215,234
20,41
280,394
894,985
351,675
261,195
546,614
497,619
273,675
167,213
944,1212
244,274
777,996
353,520
589,700
463,625
75,201
1630,1774
534,528
220,251
267,292
118,136
291,502
509,537
102,100
51,118
492,543
1054,1079
867,892
226,244
616,709
967,1026
851,1095
1159,1137
330,496
436,539
421,780
45,67
405,513
55,67
98,142
504,598
729,770
336,456
276,337
250,361
548,593
445,524
326,759
480,699
342,436
820,952
198,195
869,1054
1159,1316
46,52
173,343
366,406
358,360
128,173
149,170
1291,1403
52,67
772,824
174,201
357,381
698,798
842,843
234,520
162,314
187,192
23,40
32,32
1336,1386
256,260
228,237
101,217
536,649
452,507
48,72
875,997
94,120
712,887
162,196
1282,1286
100,120
213,228
490,557
1036,1008
35,49
852,893
460,504
406,437
368,631
466,771
241,273
775,851
389,435
425,436
812,1039
1377,1524
267,446
323,592
414,469
668,691
54,40
424,433
711,798
389,378
1607,1689
419,457
1695,1882
134,217
423,508
926,1106
727,1193
1284,1481
1058,924
146,182
936,1010
1087,1268
766,760
84,88
192,212
106,126
401,460
107,276
126,226
990,963
265,230
609,600
486,582
49,59
338,477
1088,1291
807,830
628,752
194,270
73,138
642,581
222,226
857,902
821,847
144,144
611,751
53,79
222,243
373,470
144,197
249,256
645,708
116,96
464,482
492,533
181,211
356,467
302,386
117,146
2379,2310
586,612
82,144
513,517
140,124
193,239
893,1012
408,449
576,599
417,471
424,504
224,266
296,341
184,307
1257,1067
321,389
17,22
594,811
221,323
843,839
149,266
415,430
231,299
985,1060
625,653
76,112
1205,1203
110,137
114,124
539,765
510,626
1058,1173
267,451
94,125
656,686
62,60
116,183
868,942
236,416
766,748
214,204
800,850
58,78
333,347
35,54
413,418
198,471
183,180
386,412
1083,1121
211,318
1026,1018
968,955
190,234
169,216
1112,1237
196,483
237,252
754,780
239,518
324,354
485,480
1598,1842
789,980
72,81
346,438
255,293
835,830
932,922
173,218
76,155
1747,2731
1229,1236
59,63
892,1091
332,412
709,765
557,649
1836,1988
567,594
420,539
807,971
411,488
679,1062
543,571
201,256
1021,1142
1058,1212
1209,1259
118,127
106,124
221,253
104,155
736,851
132,195
295,473
518,682
279,289
296,327
50,88
68,102
364,360
1437,1536
2643,2951
807,891
621,1009
641,669
1052,1102
432,427
153,192
1040,1043
995,1181
496,528
1123,1244
478,575
1378,1701
427,632
475,494
1432,1447
146,338
384,414
357,599
903,1060
120,184
245,236
58,65
896,1040
1494,1601
580,636
618,655
337,422
223,310
751,695
271,423
132,134
168,218
267,266
160,185
295,354
85,99
596,623
270,355
38,45
83,105
621,903
1270,1491
1049,1097
658,1022
48,53
195,231
1151,1283
55,59
192,252
98,102
109,129
280,293
167,180
136,161
195,204
542,551
815,884
240,265
198,183
432,565
631,740
178,194
151,177
531,593
770,810
83,115
35,59
141,192
49,45
234,288
306,318
529,670
787,808
1503,1587
294,302
192,290
236,296
71,70
166,173
418,486
268,340
128,256
860,893
71,147
445,402
190,290
116,181
1065,1114
667,770
129,147
276,304
593,706
90,101
60,86
86,108
675,725
648,771
179,259
623,805
274,344
564,679
274,345
570,685
134,161
364,452
98,112
726,866
1180,1312
325,409
451,498
616,762
502,592
640,697
703,703
575,607
365,384
91,121
46,60
461,571
23,40
421,428
385,289
797,854
436,446
95,83
389,539
260,321
96,101
798,804
230,281
361,366
774,940
751,759
663,624
82,142
582,589
797,1096
103,243
112,148
208,362
181,205
288,475
652,747
504,580
238,233
773,698
404,469
123,169
1180,1163
256,248
868,979
380,407
315,513
977,1164
177,229
456,500
991,992
389,375
569,751
38,47
142,166
1334,1290
53,75
1547,1590
850,885
738,904
166,363
266,331
400,416
27,29
870,910
107,133
602,630
731,779
763,869
302,402
593,682
468,543
505,693
410,394
221,265
542,529
469,488
515,538
675,745
368,429
123,199
879,1097
1107,1067
236,324
616,786
32,60
293,312
240,200
468,498
1203,1202
484,724
629,690
1213,1200
179,300
677,694
1550,1627
84,141
422,440
786,921
235,258
1345,1411
74,110
649,785
603,779
375,501
584,547
90,180
273,347
270,354
366,393
570,538
436,712
576,623
125,169
126,186
108,353
678,748
149,192
820,942
1592,1601
511,648
120,116
105,211
148,166
112,200
407,521
100,127
767,900
188,207
566,615
359,406
196,384
260,309
122,196
90,72
998,937
280,344
1304,1395
360,398
1359,1422
623,656
51,65
215,266
190,184
468,523
398,432
254,206
177,206
316,361
42,63
25,63
49,48
674,832
47,70
111,152
314,349
211,312
759,858
640,697
73,82
306,296
167,188
149,321
709,765
226,413
394,736
145,343
18,22
356,362
1019,1012
469,554
325,349
1574,1669
269,314
1534,1557
90,154
198,246
127,139
619,622
269,288
101,140
25,46
923,987
163,220
132,366
400,396
407,379
1355,1448
68,65
240,265
300,643
254,379
340,550
736,928
828,1033
224,246
677,724
1503,1608
350,563
797,885
59,167
291,611
1255,1165
267,295
884,1051
321,346
254,309
424,386
616,766
858,861
481,539
178,192
373,565
758,857
106,114
521,571
580,640
966,1073
499,531
58,57
183,182
622,677
582,567
1125,1151
262,325
586,628
230,277
630,917
41,70
50,94
164,224
606,639
152,264
1300,1307
1428,1477
233,345
48,67
197,243
601,658
220,222
97,92
732,871
441,435
252,173
455,545
53,54
107,79
882,804
403,728
642,665
904,925
460,612
203,117
544,577
713,790
281,312
889,1015
1179,1332
91,115
245,661
627,706
62,94
290,434
952,1057
1391,1629
111,241
575,751
188,282
1014,1039
53,52
761,758
709,756
206,248
77,104
395,468
154,164
1074,1055
434,510
413,708
234,283
263,323
53,60
57,85
434,570
368,520
129,171
143,171
215,318
112,102
145,153
748,830
220,244
205,303
590,602
424,502
1102,1128
260,305
127,174
534,649
364,328
116,102
106,128
727,883
587,872
135,273
1255,1485
424,594
1086,1368
111,138
432,591
743,727
119,187
759,1071
1057,1152
501,594
177,173
162,177
369,1067
277,331
1474,1537
871,954
472,513
373,441
74,123
328,466
162,179
168,193
544,606
19,25
315,492
735,749
72,84
466,493
919,984
824,796
963,1099
156,160
500,503
642,781
60,102
52,64
634,715
206,248
453,483
420,401
115,131
91,99
485,585
531,633
233,245
408,415
612,611
1462,1532
131,134
75,93
122,120
1084,1301
351,372
161,396
325,698
42,47
21,47
168,232
512,623
279,333
454,546
216,242
644,765
1900,2059
60,73
182,256
269,283
448,465
173,174
825,838
1467,1527
359,350
1394,1845
1026,1102
114,130
266,313
67,67
442,739
487,538
708,702
882,973
560,598
197,344
61,70
222,239
340,348
141,207
255,329
261,312
649,628
356,370
154,302
734,776
606,624
407,734
18,24
13,38
948,1036
556,577
1026,1022
444,650
491,526
852,966
358,499
368,389
58,62
182,233
26,33
216,229
129,168
320,544
539,567
174,201
791,908
385,455
187,211
367,375
995,1076
1161,1322
484,555
698,693
217,258
186,142
72,106
131,201
716,825
648,806
119,121
156,345
74,62
758,926
328,358
29,41
1176,1637
184,241
181,449
105,175
564,598
396,714
109,116
1405,1393
644,658
354,378
177,159
369,390
522,596
962,1039
1170,1264
371,385
816,1027
1000,1053
228,257
136,152
729,1276
595,905
1025,1072
706,774
655,731
106,169
493,549
1254,1144
90,122
60,68
84,138
582,655
1568,1512
673,727
871,908
1571,1631
91,167
120,150
98,102
1196,1377
234,339
345,359
395,923
970,1147
89,185
1175,1095
59,58
582,621
552,579
498,579
259,317
993,1027
1184,1330
1433,1490
1588,1629
108,160
426,535
987,1030
244,307
49,60
352,453
57,98
112,120
1032,1219
474,471
2183,2217
630,717
388,426
414,422
1716,1817
760,797
983,1464
1083,1169
64,60
27,28
371,497
64,75
589,636
542,544
2100,2085
461,513
425,572
153,189
170,209
835,851
140,267
548,574
295,428
45,65
42,51
139,190
198,329
255,325
625,594
199,257
803,883
304,369
923,939
131,344
96,110
148,220
436,455
1534,1751
206,166
149,125
1045,1188
134,173
57,77
1350,1627
187,204
1057,1232
149,167
394,422
1370,1490
77,101
503,590
574,587
49,52
121,149
164,240
284,292
215,305
448,534
571,572
200,260
323,316
83,132
34,35
536,520
317,353
95,110
437,435
232,286
162,290
620,800
145,175
264,344
721,740
954,979
234,281
280,351
636,713
252,288
70,66
138,230
961,1055
33,32
208,252
125,100
390,399
216,220
90,156
474,551
108,108
792,906
363,369
90,114
166,237
623,420
61,71
1146,1206
309,310
402,382
112,98
726,1170
711,731
782,899
105,157
1504,1569
151,193
693,781
583,729
940,1094
171,189
96,80
297,305
119,322
710,758
1100,1151
985,1084
9,19
118,130
576,589
213,196
345,425
108,135
140,224
529,481
151,170
359,377
792,748
517,894
1163,1249
166,241
280,341
42,103
119,147
789,892
77,88
198,288
196,404
52,69
193,275
454,663
444,406
180,225
63,66
220,204
80,192
884,977
200,216
979,1209
105,135
213,296
166,202
620,802
531,657
976,964
99,162
725,964
68,128
566,745
875,966
337,364
163,353
255,388
100,96
524,765
1159,1191
531,562
60,56
1071,1088
1081,1291
941,1026
120,204
59,81
41,44
267,287
635,674
74,109
110,108
631,810
361,367
2482,2557
152,180
37,95
683,691
917,1110
201,277
724,738
219,359
195,231
118,129
130,262
71,46
519,617
22,37
147,381
48,40
255,298
92,142
187,184
547,553
783,818
49,56
570,652
61,68
44,43
1504,1753
209,229
810,781
237,275
1358,1461
26,33
83,106
259,259
714,786
430,474
181,209
522,564
490,585
45,64
799,931
1423,1442
123,178
444,484
89,156
678,822
612,598
163,216
1647,1662
87,129
611,791
354,408
566,821
116,124
446,536
662,871
245,433
753,962
1293,1504
813,992
164,242
143,294
224,314
135,150
772,793
339,423
62,67
202,205
429,449
65,70
130,144
1018,1193
406,466
141,222
384,490
717,826
496,594
249,249
241,505
46,42
123,165
225,260
12,37
177,217
397,373
120,165
42,40
1121,1308
1237,1572
434,496
975,1049
295,344
214,231
226,248
961,967
130,118
304,410
350,455
1592,1695
863,915
1011,1111
495,520
406,426
66,96
98,114
300,434
522,547
489,531
200,235
62,69
579,583
663,737
429,524
229,284
819,767
136,196
792,827
2051,2031
1195,1293
542,683
331,378
671,749
295,426
1560,1543
213,341
80,168
292,310
12,24
97,172
527,597
186,264
597,716
854,907
85,123
204,255
820,1015
370,495
401,427
620,817
343,351
44,49
366,401
695,730
436,591
16,22
176,171
397,327
314,376
47,65
938,1131
68,53
248,337
773,1336
53,50
71,129
631,758
48,53
636,640
236,299
450,801
568,592
957,1022
212,267
167,197
134,216
89,104
174,299
783,784
714,827
1118,1164
127,127
1516,1551
507,672
432,532
288,304
1189,1413
306,448
668,587
718,719
916,804
85,77
45,89
73,114
170,226
619,648
360,450
755,788
442,686
838,938
126,134
293,418
57,62
914,961
191,256
1393,1364
212,307
222,260
439,518
182,216
101,154
36,96
116,120
341,402
196,196
730,865
113,235
670,776
339,508
811,896
191,262
217,424
561,649
125,174
229,324
103,243
957,1253
1149,1167
784,830
603,748
790,893
97,137
513,556
54,62
636,845
105,165
662,614
392,572
1611,1670
141,316
1543,1706
61,78
264,451
620,778
41,60
572,629
148,196
349,579
157,311
410,622
853,841
208,214
44,53
74,104
201,337
13,25
421,447
1371,1472
95,108
86,92
447,464
603,922
1047,1178
149,210
833,791
554,620
116,139
50,65
52,70
399,609
1772,1835
798,833
241,256
730,796
54,73
362,442
561,652
175,185
297,496
134,148
382,407
560,725
26,47
129,160
192,281
489,543
830,796
514,615
269,314
808,862
533,563
480,783
562,743
535,638
858,923
139,269
1027,1005
672,695
156,189
700,867
415,438
372,624
201,218
85,127
573,633
67,95
79,95
1043,922
562,790
695,921
273,298
1614,1990
358,366
489,509
341,391
277,316
491,624
114,178
255,256
493,568
423,435
132,382
170,178
1024,1151
105,195
105,109
173,238
625,664
317,344
285,438
342,356
183,195
180,171
287,340
729,807
199,208
106,276
429,532
325,223
121,189
291,333
299,388
388,614
201,244
378,378
408,489
171,266
636,689
149,367
175,186
113,165
34,98
657,717
858,862
124,130
850,851
484,542
47,56
532,634
368,414
462,609
148,160
46,125
427,501
1064,1061
289,429
503,650
62,145
867,903
1467,1422
1071,1311
857,939
677,849
535,583
48,53
121,135
222,263
610,640
522,510
603,659
453,508
855,975
274,344
27,56
393,414
1566,1708
569,768
1167,1205
117,122
312,372
1286,1496
223,365
48,51
1032,1017
94,114
96,156
92,100
728,767
439,459
111,197
480,473
723,766
715,773
398,395
764,1011
643,721
27,44
72,102
170,234
152,172
897,940
102,186
933,981
210,357
157,181
1242,1440
66,180
195,268
550,728
180,320
946,989
152,161
805,854
403,486
574,698
495,528
986,1103
305,343
979,1120
420,504
829,773
121,133
1009,969
780,699
325,558
355,405
48,72
198,281
100,157
614,705
108,325
636,692
432,459
52,85
1290,1334
275,351
142,142
100,106
144,135
1404,1573
44,116
16,94
686,745
170,226
62,43
36,52
739,838
74,70
302,316
42,70
33,29
285,351
118,128
724,733
568,552
39,45
43,43
163,234
150,184
337,349
514,362
592,709
677,762
559,576
271,316
1246,1635
99,156
333,466
577,581
577,693
819,929
252,252
86,162
128,148
646,711
848,796
742,858
1229,1275
345,394
1298,1350
796,938
552,671
725,718
365,508
684,673
780,907
408,470
864,978
352,367
446,463
102,114
72,74
242,418
21,21
331,596
136,146
69,80
675,730
142,163
51,58
974,1029
814,780
972,993
116,160
171,218
575,618
1189,1344
410,478
24,30
89,97
244,252
327,547
589,644
455,650
302,364
567,752
68,110
579,544
155,152
126,197
1408,1730
297,294
904,965
1458,1465
130,144
456,526
307,662
21,21
300,338
1111,1326
201,201
68,64
912,1116
970,1007
439,632
304,383
441,654
510,686
505,746
132,189
181,242
190,277
110,190
147,188
111,165
391,799
113,125
35,54
242,287
397,735
21,21
271,283
62,98
266,282
249,415
252,270
1217,1247
212,232
483,506
62,46
68,92
98,103
875,944
164,172
96,142
140,138
567,509
94,90
415,469
285,405
542,622
287,332
485,475
463,566
183,396
151,186
1190,1295
723,819
479,595
456,794
77,154
103,119
150,280
43,38
104,100
68,75
894,902
342,380
702,723
148,256
389,461
313,283
922,1007
866,949
756,970
330,336
362,339
506,606
965,1067
168,199
724,752
874,967
578,659
432,502
684,719
454,461
168,250
924,857
245,283
393,411
204,190
337,479
1097,1133
962,1036
86,203
302,403
1101,1286
804,926
816,725
99,150
395,521
1159,1168
963,1088
674,740
701,771
1103,1044
597,724
802,1324
424,558
590,703
1437,1432
356,425
763,793
822,896
44,65
279,329
105,112
167,181
1213,1195
1016,1048
661,753
41,44
473,556
80,176
743,870
580,726
428,488
282,384
446,518
564,490
101,197
554,545
190,230
56,68
302,378
507,608
156,173
575,610
239,551
84,132
171,198
219,359
109,141
111,122
176,322
417,460
429,442
530,580
1625,1617
281,273
265,285
260,292
58,62
436,645
187,207
59,106
537,561
294,317
181,214
50,78
212,350
596,669
353,397
196,202
413,453
1443,1519
741,842
897,988
1493,1574
1185,1279
654,859
503,649
180,248
336,341
476,512
491,648
115,136
78,130
125,470
1070,1047
41,87
161,229
993,1277
242,225
720,850
70,90
598,667
273,307
137,136
696,892
337,399
416,608
58,87
719,818
168,180
205,255
1097,1080
587,711
70,120
309,379
538,657
154,239
1052,1058
580,665
430,478
752,796
114,158
208,226
587,672
128,136
383,418
900,984
25,25
34,68
135,175
91,162
27,35
43,77
918,1020
1698,1795
970,1044
904,937
1043,1092
280,325
163,158
291,457
245,462
258,306
977,1056
90,132
185,278
1219,1303
968,1169
721,718
1832,2094
697,739
81,102
313,245
123,132
744,846
153,217
144,198
385,429
90,313
178,277
90,120
38,79
109,162
1078,1389
54,55
705,748
378,379
488,625
59,79
564,585
377,385
177,271
94,154
573,1034
890,973
116,210
326,395
367,479
731,720
61,92
781,706
613,643
177,170
826,863
498,451
589,640
20,46
160,193
60,114
192,229
370,384
732,823
772,812
77,85
534,748
494,589
1074,1067
689,661
575,679
811,1012
912,1114
674,830
70,70
112,128
277,266
684,800
388,446
872,908
180,180
652,638
63,68
396,657
437,547
628,672
282,379
1380,1528
629,614
371,353
239,287
940,1009
224,239
277,286
578,691
112,123
183,176
131,189
411,420
638,700
359,459
235,251
351,384
163,159
919,1003
90,110
136,296
877,993
382,444
130,139
39,32
261,308
489,545
768,833
82,188
217,263
359,464
173,170
949,980
272,542
410,419
157,160
99,153
641,684
81,122
173,276
562,786
425,463
469,505
144,142
120,144
312,388
34,71
344,354
421,465
220,268
192,216
1286,1419
66,72
120,184
916,1055
1209,1148
80,144
262,282
240,296
100,139
270,296
38,64
1105,1223
574,611
920,1033
263,394
809,925
113,115
473,549
445,514
243,255
348,390
407,479
827,909
489,523
116,167
1788,1780
169,210
637,644
739,837
824,943
91,103
190,258
176,196
221,299
375,444
189,232
109,212
798,855
152,192
1479,1481
258,370
128,160
942,1025
172,286
513,513
86,91
412,505
48,62
909,1045
1277,1426
57,62
341,469
193,219
95,113
84,124
688,895
42,41
84,248
153,179
88,114
249,295
456,724
589,562
102,100
70,102
300,348
294,283
1198,1159
149,183
143,123
69,91
259,341
495,627
313,471
213,147
134,158
545,523
1033,1342
783,858
453,480
103,253
533,572
407,551
1658,1881
164,339
30,99
559,535
193,361
279,360
189,223
1198,1295
71,125
349,408
148,126
903,987
1238,1478
875,1198
114,140
559,770
1287,1477
156,200
596,631
251,451
683,842
994,1029
924,923
580,649
90,106
86,124
477,595
418,479
324,484
408,713
882,996
355,392
336,426
56,64
765,828
882,872
121,139
107,187
58,67
491,545
307,331
879,1138
477,889
165,175
727,898
644,729
1031,1272
103,134
615,795
156,182
304,438
151,240
793,1200
509,641
64,56
498,518
776,970
442,328
166,331
373,409
148,206
106,131
46,55
1486,1497
459,521
333,418
1215,1347
964,970
62,110
517,584
270,491
760,922
120,184
743,820
52,116
478,485
18,24
313,218
88,113
145,222
326,240
261,247
1645,1830
547,602
113,126
1032,1221
641,698
135,260
557,648
132,192
34,33
277,292
474,488
1354,1345
549,508
420,518
310,592
905,939
1082,1182
802,921
1455,1248
289,327
118,139
847,853
57,66
67,121
25,25
438,454
153,217
69,95
833,984
817,790
902,1171
532,608
172,321
147,155
278,641
120,174
248,272
519,649
413,434
1459,1523
645,786
336,355
41,54
1011,1158
851,784
492,564
858,943
347,356
478,514
718,825
520,757
788,762
1121,1423
516,534
108,122
1007,1043
335,566
815,859
477,521
690,850
258,248
599,638
28,70
35,50
125,191
254,379
176,167
465,691
517,544
374,398
949,998
73,129
1511,1656
94,82
146,188
676,791
528,615
140,171
92,164
127,215
189,355
101,107
677,635
88,98
46,52
133,125
594,667
339,518
700,705
127,109
628,622
433,637
121,121
1031,1276
276,680
856,871
397,416
95,195
303,329
451,495
1047,1095
875,1027
913,946
224,212
25,34
28,46
82,116
514,550
439,727
84,88
52,66
39,55
603,819
464,733
201,451
247,272
50,53
204,213
598,587
648,744
133,238
774,1025
239,238
147,459
564,665
574,696
312,430
1548,1580
297,336
97,225
52,88
272,327
378,540
797,808
297,344
506,523
426,464
394,689
685,788
46,59
251,281
820,1003
547,633
184,208
1394,1334
131,146
834,886
1167,1255
489,532
549,516
783,774
628,623
145,212
422,472
237,466
950,1140
144,169
445,449
225,200
667,656
285,429
511,532
647,789
421,445
1059,1185
313,354
894,954
1290,1319
316,456
217,218
239,286
1061,1345
549,567
73,75
891,903
162,276
637,774
980,938
108,112
313,340
1284,1321
985,1219
1742,1901
549,535
621,613
23,27
281,329
357,383
172,337
95,301
483,578
204,348
844,995
24,26
714,865
632,631
746,722
43,44
528,552
663,862
63,59
1739,1818
66,78
784,825
231,286
443,435
690,736
274,330
700,728
1236,1399
177,144
1007,1105
122,136
273,643
66,153
152,203
51,81
85,110
328,634
122,157
621,769
146,200
93,105
548,570
181,240
240,250
183,235
420,412
615,660
658,720
302,354
660,776
573,715
550,572
30,27
54,45
152,280
412,439
219,207
1064,1194
1711,1733
7,25
94,130
329,441
386,383
47,57
2770,3151
694,627
130,147
482,510
36,88
26,42
483,454
1579,1898
1455,2218
648,862
960,938
262,208
1499,1442
750,772
97,152
1155,1205
904,1085
118,124
249,311
1090,856
1442,1605
553,709
841,701
673,600
270,312
114,441
871,1127
100,221
319,341
838,893
1071,1101
375,444
100,86
271,449
200,222
488,473
448,489
838,892
429,570
378,648
998,1220
757,745
527,612
1496,1518
169,277
423,393
1719,1855
923,1195
800,878
710,907
1932,2022
666,720
704,836
544,650
383,472
673,670
174,207
75,126
324,347
178,204
875,949
585,594
124,368
177,201
109,157
203,251
227,421
75,123
330,397
57,76
53,153
890,1088
462,542
1137,1108
41,58
295,345
413,436
516,520
396,542
423,746
130,206
158,114
277,265
173,214
760,915
817,1049
1333,1441
224,298
675,644
263,275
698,821
181,196
536,543
132,126
308,456
560,599
459,541
938,1158
385,388
1026,1063
1114,1098
453,479
691,723
192,338
168,182
525,518
477,572
324,414
1067,1080
706,706
1329,1396
438,937
687,723
71,90
180,197
152,160
363,441
133,153
223,318
591,587
208,199
82,114
199,219
1199,1289
736,742
192,214
80,86
50,92
401,616
254,234
46,80
61,69
148,122
1029,1164
174,177
431,460
1131,1152
56,112
378,386
217,232
656,845
202,178
85,132
62,87
48,102
226,354
129,183
131,184
195,195
559,618
237,309
48,94
274,487
115,127
141,197
61,68
25,44
831,1119
120,128
632,649
54,94
254,275
666,794
204,288
673,732
133,128
240,288
121,169
2426,2311
347,482
173,213
225,681
399,489
326,381
601,601
575,864
529,565
589,596
105,110
187,309
707,768
418,849
890,980
102,168
54,49
77,117
901,957
264,235
245,352
302,324
144,215
605,579
853,865
160,165
338,456
923,967
463,491
415,448
191,185
1297,1673
846,1180
434,684
942,1026
308,342
1099,1297
639,617
230,225
797,967
1048,1128
1067,1175
980,1066
302,335
840,1055
57,49
571,974
653,706
1041,1090
110,141
242,474
179,189
229,299
212,216
228,237
152,152
351,368
35,66
89,97
1080,1176
156,164
109,123
230,236
421,352
1214,1286
240,259
264,292
180,216
1042,1054
915,869
130,221
148,338
176,297
94,240
25,37
626,874
47,58
240,271
309,372
812,833
638,748
1083,1225
44,88
628,769
714,728
1451,1481
1259,1278
1012,1025
956,1016
980,1041
1005,1142
414,700
1083,1186
258,283
65,101
468,561
238,339
457,546
683,770
95,111
246,560
421,581
896,945
70,80
170,352
373,457
521,674
262,304
164,186
758,777
180,203
151,266
427,477
521,538
95,137
305,392
220,234
228,243
117,139
124,227
136,246
658,690
863,899
250,466
258,569
375,465
413,466
276,204
176,298
130,129
1091,1258
1030,1028
402,389
63,103
1160,1214
122,170
118,121
130,144
141,195
486,668
1383,1427
942,1131
551,611
372,410
981,1076
278,330
69,96
405,579
103,135
1026,1047
268,354
255,271
96,100
122,255
166,160
1409,1409
136,300
92,110
383,375
168,177
982,1009
502,541
173,181
209,267
588,609
377,633
1168,1402
500,625
202,230
708,732
400,467
436,531
388,431
48,82
312,354
184,241
1192,1242
128,210
541,687
450,609
592,591
637,730
102,126
51,61
1134,1141
81,82
514,564
338,528
664,678
110,132
494,484
46,123
101,110
93,105
142,159
1169,1278
84,115
168,173
427,459
742,911
93,147
142,234
467,511
259,319
137,135
60,69
368,393
759,1001
979,1075
242,392
1759,1697
78,76
177,212
318,354
1866,2004
480,475
136,315
110,104
71,67
787,928
581,883
189,194
106,150
80,100
104,218
204,210
43,51
105,141
1244,1513
853,902
547,650
999,1175
842,933
16,33
66,112
1167,1300
149,158
203,210
694,781
152,151
574,665
588,566
451,482
866,978
1051,1270
903,1150
126,138
1311,1344
649,744
601,623
656,805
542,573
243,310
416,852
183,201
57,73
1369,1520
628,728
478,521
921,983
838,978
78,108
123,273
409,438
763,831
41,87
108,220
259,321
139,223
98,92
580,732
775,809
247,291
1077,1247
1258,1394
12,24
25,24
164,185
387,557
915,1023
800,767
786,745
781,854
170,410
1005,1172
62,109
423,435
120,153
48,45
261,309
156,143
154,150
132,146
111,253
56,69
112,112
779,1001
1490,1552
248,315
282,315
689,1081
519,651
131,116
124,193
381,454
297,374
59,70
327,348
126,125
34,100
123,162
136,391
112,145
278,342
128,142
228,228
906,1073
243,225
630,769
39,44
139,169
24,36
80,121
96,110
62,89
114,124
145,163
270,280
36,54
38,48
169,149
96,180
387,564
492,580
249,257
473,448
137,223
397,421
110,115
96,196
514,579
185,275
153,219
1791,1964
49,58
638,689
170,195
213,339
17,34
436,509
174,260
78,108
16,34
979,1131
60,83
533,730
890,1162
110,119
606,957
26,37
366,383
276,310
296,337
269,313
241,253
392,424
190,268
188,244
1611,1754
51,75
480,498
651,776
341,263
297,269
1132,1189
69,63
633,978
123,189
1468,1506
95,103
328,395
515,616
277,291
131,189
532,571
149,185
849,1022
354,642
1086,1161
1795,1825
359,847
58,90
130,110
116,197
353,463
227,561
383,528
125,135
577,570
548,510
593,524
1823,2055
604,578
524,617
920,1124
197,267
92,152
38,64
454,505
76,102
142,260
397,470
744,873
492,554
53,58
653,710
1176,1181
981,1034
985,1039
68,137
679,746
614,1058
305,347
210,354
799,855
981,1029
30,46
92,118
705,747
519,572
64,72
242,295
174,180
440,570
427,435
697,719
205,237
67,70
335,327
182,307
83,163
112,217
576,621
94,268
113,176
262,311
1006,1131
318,414
547,532
312,361
411,488
416,421
271,347
606,610
1202,1311
735,783
276,525
498,569
256,349
92,124
126,178
1293,1351
1364,1477
216,258
323,311
760,872
402,447
298,314
1395,1506
913,897
336,369
158,226
148,236
629,683
603,747
923,1177
410,427
695,1035
405,275
226,276
697,787
548,553
181,196
379,384
244,313
961,1035
32,41
676,779
1291,1312
37,40
226,278
743,857
85,197
254,362
1070,1183
62,60
1054,1541
43,101
125,205
463,364
493,638
1192,1360
22,56
109,133
524,587
181,187
1064,1083
1410,1573
593,648
55,60
755,977
1199,1268
307,358
243,311
759,786
678,743
658,783
696,785
232,364
129,132
29,33
92,107
864,995
383,546
733,716
162,224
773,875
345,383
1473,1453
160,203
121,193
40,50
39,51
112,178
84,160
1140,1300
15,32
258,275
194,219
317,611
119,135
130,154
507,689
424,485
26,35
132,200
136,171
29,39
514,661
1809,1840
50,74
856,852
281,415
267,267
432,592
206,344
72,81
211,483
373,406
693,990
1001,1118
812,859
225,241
1462,1552
322,554
371,779
224,264
24,30
46,64
877,1162
130,177
307,361
23,23
90,100
89,132
674,826
1208,1127
161,206
1015,927
148,344
461,535
83,121
809,777
90,94
1194,1441
915,1032
737,757
396,440
615,663
145,322
92,88
212,324
192,248
371,362
855,958
215,150
1111,1164
133,221
525,734
258,225
520,534
150,182
542,560
573,864
66,94
205,289
768,763
663,696
1186,1136
526,553
425,536
1232,1168
391,408
666,717
412,558
255,235
142,132
155,407
186,362
240,514
1123,1235
381,443
112,96
198,362
380,407
283,288
61,103
85,221
345,438
45,59
226,240
1102,1169
1060,1216
1072,1456
63,64
686,824
86,169
327,364
718,912
1019,1008
362,356
950,945
353,455
42,70
646,870
209,426
602,818
223,358
113,130
1221,1170
324,396
95,273
476,512
69,68
1288,1372
96,159
215,239
77,116
1080,1121
635,690
662,788
1213,1272
142,183
1125,1707
504,539
45,96
171,196
682,685
157,227
847,933
726,798
380,595
961,953
485,561
106,76
789,931
1321,1332
82,94
120,124
463,591
582,707
245,249
373,493
95,95
283,321
770,1070
593,549
252,323
605,631
1279,1382
418,384
520,541
1106,1002
316,331
430,458
309,332
219,295
626,616
532,579
134,178
717,719
943,911
265,468
193,213
1026,1160
717,736
47,60
570,709
585,701
916,1048
179,243
1056,1263
44,45
176,181
628,548
174,195
137,257
294,385
470,462
374,452
592,601
565,726
350,353
1228,1252
769,811
210,276
173,191
500,478
696,824
43,40
622,649
204,338
69,110
99,120
945,1144
615,654
314,321
1148,1090
837,847
127,151
428,540
828,863
45,54
1013,1151
319,359
196,337
330,326
429,476
112,121
1420,1421
253,280
295,425
596,597
646,743
173,173
41,41
953,983
287,297
1189,1263
390,652
244,230
856,964
408,403
485,665
418,495
302,490
580,575
171,209
1337,1374
797,1191
1019,1134
463,466
636,665
772,868
417,385
175,260
34,41
487,491
1463,1345
138,156
99,129
254,305
182,246
239,220
758,863
399,389
628,736
111,137
553,517
2119,2276
40,95
956,1127
163,207
1154,1362
580,675
289,296
418,508
425,452
41,63
381,415
113,99
696,627
555,557
482,532
624,757
423,362
127,186
548,476
1114,1304
253,264
147,213
551,517
940,1006
780,794
261,383
159,322
186,206
702,877
103,131
537,658
510,652
717,718
65,71
785,889
644,782
301,336
451,440
474,709
1203,1291
43,71
426,513
660,831
57,59
1054,1093
208,194
56,116
248,286
270,378
495,490
114,101
646,652
470,538
620,613
37,52
39,40
692,752
214,280
54,52
92,100
710,733
131,244
154,167
216,282
210,318
945,893
675,752
196,228
107,195
534,586
208,256
844,917
1660,1737
491,171
110,117
1060,1137
183,359
470,623
163,265
546,569
420,780
514,572
319,389
2974,3511
982,1010
295,746
142,178
74,128
1217,1326
445,494
94,178
328,330
704,889
682,820
602,604
110,110
306,390
37,47
346,428
420,484
253,338
240,278
443,669
176,179
333,382
594,790
62,116
301,333
104,132
451,572
686,834
931,1183
302,353
343,401
87,174
762,812
688,914
489,487
413,564
464,692
324,348
1219,1365
429,462
141,296
326,298
190,183
162,228
353,334
251,256
224,196
1083,1159
826,974
36,76
119,150
1120,1205
435,595
177,215
96,114
455,555
849,838
176,183
819,827
279,513
386,379
332,492
741,770
1182,1455
513,539
384,476
436,491
195,220
255,453
338,432
1057,925
208,326
518,504
1311,1377
880,979
229,223
37,34
879,1063
138,133
97,123
903,855
412,422
251,321
777,904
210,213
417,447
606,809
41,58
366,434
177,204
1342,1341
1161,1206
412,666
628,666
961,931
181,150
63,73
337,323
1291,1510
45,54
145,314
39,37
329,305
334,406
253,281
1132,1386
897,1033
405,447
321,309
922,941
285,356
359,811
273,441
147,155
280,392
122,142
863,1009
201,233
170,413
421,575
1015,1165
112,255
1074,1242
312,493
72,180
655,646
252,472
719,1014
267,355
249,314
710,809
109,272
315,289
381,499
358,401
699,851
1083,1168
973,971
1167,1232
842,1056
333,480
216,248
312,434
324,358
1044,1119
108,80
396,457
344,394
1479,2568
128,287
537,540
1082,1165
681,683
302,346
370,454
115,121
619,791
61,74
1002,1124
26,34
255,290
172,302
652,688
8,17
377,393
206,189
491,509
190,249
32,22
431,595
111,59
780,683
658,710
106,199
293,330
611,622
343,337
468,474
721,927
62,102
55,52
804,1127
438,437
374,386
1220,1198
336,383
42,100
21,43
181,575
441,913
206,246
616,727
56,144
802,822
123,182
862,863
77,101
945,1218
134,242
730,842
1042,1054
251,260
371,577
862,925
277,301
727,806
147,165
608,670
168,187
1485,1643
1547,1556
456,478
671,734
1419,1408
25,37
290,314
837,919
162,301
76,120
285,330
130,362
26,31
1293,1330
455,498
474,492
773,811
866,918
69,115
464,553
576,686
1092,1249
1281,1335
38,130
712,865
294,321
204,306
1637,1644
630,628
33,33
699,690
935,1122
1129,1137
656,786
364,390
290,282
1388,1390
801,953
678,724
193,311
160,194
109,113
331,564
823,1044
673,720
24,34
826,916
125,128
1017,1064
235,267
46,117
1067,1063
588,682
327,338
1279,1396
294,422
97,128
497,514
855,911
348,419
376,421
306,351
457,529
570,624
794,930
914,940
546,655
41,87
251,314
1245,1407
152,231
121,131
507,560
156,200
204,558
589,701
811,920
171,193
278,299
479,451
1323,1299
371,385
603,597
708,804
438,511
1028,1332
235,211
330,325
759,676
68,88
95,166
85,179
943,1043
185,464
245,288
407,434
185,363
661,631
1325,1654
977,1070
399,433
110,110
960,985
802,855
1200,1173
698,608
1817,2048
184,240
715,839
121,147
117,201
116,143
421,446
96,89
643,599
122,183
91,111
295,391
924,1090
786,950
998,1077
1748,2009
227,189
700,770
523,521
27,40
1355,1530
434,496
10,26
160,264
610,687
149,153
46,65
626,624
647,782
772,749
278,419
1047,1187
263,423
1079,1134
683,1054
240,264
320,713
57,67
625,725
91,95
1260,1426
314,376
262,440
65,74
636,640
492,384
124,161
479,501
277,289
460,541
184,186
45,84
414,440
121,164
144,235
152,167
242,260
124,275
72,125
284,297
779,908
314,325
54,86
193,197
27,48
212,223
1034,1152
756,746
174,308
420,637
192,232
264,322
377,428
124,204
266,292
1242,1360
167,249
114,161
268,355
37,52
105,162
148,226
141,252
58,58
837,992
363,409
148,355
376,1035
156,182
791,850
1237,1248
876,911
1059,1112
1339,1503
203,212
578,601
574,700
32,53
134,152
544,816
62,61
1157,987
50,68
122,134
112,134
53,60
756,885
235,221
275,284
509,486
396,660
1327,1361
379,527
182,527
1086,1159
1160,1252
374,597
172,285
345,562
1646,1769
304,311
655,793
797,922
493,645
375,519
179,239
691,880
827,922
171,176
379,501
260,271
43,37
374,653
50,142
966,1040
1318,1417
1081,1161
274,428
762,707
130,138
434,449
571,710
353,405
562,657
1104,1147
273,270
367,372
43,62
540,574
177,192
58,78
172,200
268,343
396,792
191,288
127,181
667,735
96,116
963,1036
130,177
1685,1880
237,207
594,779
553,659
91,90
201,216
1156,1354
941,1111
492,558
598,612
138,138
417,676
302,352
184,159
696,794
907,985
139,120
231,360
360,360
592,775
229,249
874,1025
792,849
981,1056
94,260
17,24
212,227
398,530
88,126
241,284
262,268
572,773
498,501
233,255
102,140
22,27
653,680
376,424
715,831
85,157
695,949
237,356
664,750
126,221
93,119
737,748
778,991
1160,1297
167,188
862,1261
104,185
736,783
983,1039
106,127
120,282
386,363
887,828
352,552
196,208
34,30
280,313
499,509
785,895
1007,942
161,195
107,262
1096,1064
974,1030
1296,1359
279,302
201,248
385,348
594,697
261,346
322,565
37,70
87,180
178,199
798,944
661,708
115,173
259,275
965,1044
275,305
1529,1532
357,530
160,245
692,760
43,45
93,86
483,650
54,103
1071,1074
159,171
51,52
397,505
257,291
545,509
321,354
885,897
276,282
68,67
103,97
171,166
182,193
96,120
231,333
25,37
249,293
193,165
775,829
185,200
369,709
193,220
122,134
159,167
401,474
504,521
122,174
379,699
313,386
745,954
118,126
59,194
391,482
267,276
1500,1579
53,60
659,606
116,248
25,25
932,1023
360,493
800,849
116,120
611,726
1425,1582
96,130
144,198
397,471
313,353
142,163
1137,1094
55,88
719,1004
232,276
1055,1049
567,562
563,722
1368,1382
1045,1213
1703,1662
227,326
252,266
382,541
20,37
680,687
25,21
182,211
1110,1421
1202,1181
734,797
384,484
148,302
116,112
156,189
88,67
720,783
793,1162
453,447
449,456
370,384
124,130
849,959
641,1017
602,747
120,280
277,309
1064,1113
877,914
317,308
299,324
868,977
297,265
219,303
460,737
1176,1250
126,144
293,392
517,627
966,1347
486,558
353,514
117,231
87,105
109,107
422,470
788,782
937,1232
102,232
128,138
866,897
213,243
346,495
312,385
58,94
675,752
108,126
349,278
810,926
70,69
262,363
218,409
920,1063
192,236
635,669
76,130
680,775
194,372
45,60
1300,1364
568,349
352,481
778,926
240,295
198,282
1650,1738
522,586
393,630
222,384
698,669
905,970
171,222
102,134
865,946
209,222
1216,1332
713,889
1097,1391
58,58
160,157
136,272
418,391
344,348
363,796
39,42
93,149
322,300
877,1127
172,237
106,104
747,876
44,90
693,843
1331,1382
1193,1639
244,300
877,968
1443,1771
501,642
382,465
41,70
360,414
49,56
880,955
56,67
656,667
68,52
367,856
159,263
276,302
554,630
45,49
1027,1198
361,450
63,61
1578,1508
82,120
109,173
377,496
122,144
1726,1761
1003,892
294,310
154,189
959,942
78,90
1083,1245
859,780
1287,1328
161,188
362,487
164,133
513,543
120,145
117,185
479,677
199,438
35,52
51,82
978,1214
129,160
222,276
918,875
308,308
51,113
25,25
49,60
1155,1192
148,161
138,177
143,180
878,955
695,802
275,327
1337,1481
833,908
776,862
838,1034
349,433
1180,1338
1000,1077
1047,966
106,128
924,974
782,878
201,214
905,942
224,251
700,709
492,1119
1038,1016
192,225
867,861
664,551
669,749
104,112
363,423
250,218
516,590
1554,1592
1485,1635
1062,1129
365,630
310,371
106,114
500,736
1592,1756
168,168
151,257
1001,1179
64,60
259,406
243,431
524,482
631,663
26,46
1312,1243
940,1098
466,414
282,303
792,1402
217,520
315,570
114,144
872,892
189,305
1791,1939
797,871
1463,1500
660,708
481,811
63,131
63,188
357,941
70,121
740,740
447,497
210,322
310,440
20,35
1734,1841
747,774
93,143
395,488
382,421
217,224
743,862
91,152
228,342
382,571
253,365
212,363
1251,1523
788,922
391,415
380,299
23,25
925,1010
242,289
144,136
1208,1343
59,60
336,591
718,989
488,609
342,916
963,928
38,64
165,165
443,456
236,236
390,442
739,810
40,50
368,376
770,901
496,620
579,721
404,432
734,943
216,212
185,223
180,332
67,118
245,231
615,696
302,302
240,276
65,62
161,286
1150,1142
188,458
697,1054
130,120
491,440
482,514
1148,1279
134,162
82,117
662,581
402,519
83,124
146,155
316,308
1174,1465
210,188
1139,1213
246,258
20,43
580,606
56,95
110,112
583,684
591,714
82,88
86,126
333,334
378,469
28,40
295,325
950,1056
115,116
1351,1683
50,59
136,190
1350,1398
471,755
956,934
790,965
596,672
400,528
268,287
446,710
107,109
385,518
758,1106
230,413
471,328
90,114
472,480
525,593
861,951
300,321
82,116
235,287
376,362
408,465
232,212
939,1088
915,967
245,242
630,741
122,136
241,407
117,125
183,174
120,198
476,703
50,78
42,61
304,325
684,762
678,821
56,57
50,70
247,312
1031,1093
497,648
235,282
156,157
901,851
379,384
145,179
104,108
130,275
288,334
310,403
539,529
97,117
2118,2198
437,739
148,270
45,43
326,386
94,130
796,998
577,608
81,55
320,473
300,458
658,721
68,72
24,84
558,590
936,968
24,47
307,607
72,92
303,278
31,46
128,151
152,224
125,125
1246,1302
104,116
620,790
261,531
122,219
836,769
465,758
868,953
350,453
933,1155
60,63
284,322
974,1107
135,168
741,945
385,432
40,54
45,44
383,461
184,265
300,664
571,561
544,580
211,478
119,164
572,636
432,519
1717,1794
755,815
635,701
604,967
416,453
665,606
1016,1185
62,129
508,773
571,560
463,436
388,398
1061,1099
772,865
114,120
918,992
650,752
442,555
517,553
905,971
358,324
224,250
312,316
35,54
186,186
210,292
213,261
388,432
1187,1346
409,407
318,368
699,858
174,177
479,627
62,90
432,478
695,743
659,837
805,865
52,58
1517,1784
217,205
78,62
108,140
92,166
468,404
465,518
693,776
784,728
402,472
211,198
86,94
361,478
108,120
905,955
1441,1395
1262,1293
522,900
1335,1560
114,126
775,861
570,598
145,155
424,543
70,88
165,164
1353,1326
1777,1821
97,88
240,281
108,160
437,534
1121,1428
1130,1242
177,162
765,778
164,164
636,964
345,384
172,232
88,88
247,422
572,659
182,351
216,248
285,378
318,333
419,475
761,861
554,867
253,316
52,110
1322,1365
171,246
365,573
696,1179
1086,1173
310,413
250,290
694,853
51,171
134,139
95,127
124,120
113,125
177,204
116,128
305,305
848,1053
296,296
236,332
871,960
187,187
326,485
227,252
208,218
1388,1590
403,454
561,649
65,70
595,779
376,462
283,210
713,881
40,46
635,670
250,268
1248,1348
715,817
314,327
767,848
160,309
985,1045
89,113
650,720
80,125
22,48
212,192
195,303
1103,1150
142,193
198,211
707,736
121,129
824,857
173,372
802,772
1195,1398
468,587
215,247
676,724
665,766
649,612
1030,1198
312,475
1057,1370
1560,1488
21,23
883,926
766,788
367,480
70,67
254,353
665,753
62,92
1291,1492
66,78
901,1056
122,118
86,124
824,858
703,826
348,324
149,334
111,180
1580,1831
105,133
57,68
41,65
487,714
543,596
702,875
535,698
323,411
1278,1477
625,689
172,189
159,164
174,170
64,67
357,374
477,384
283,325
292,333
810,1043
68,82
582,638
627,557
848,968
604,750
177,171
677,645
729,755
404,397
329,450
400,456
634,649
442,424
872,968
53,53
45,62
596,649
91,107
680,825
1198,1289
1003,1071
682,744
1531,1572
754,1004
1072,1340
713,785
1003,1124
564,562
164,320
319,414
784,922
110,183
549,706
619,749
442,492
295,299
746,914
364,431
57,71
41,54
1641,2042
671,696
1119,1128
734,852
1631,1659
581,619
281,271
232,357
346,343
842,985
122,132
443,502
253,631
816,892
903,1050
717,777
245,266
36,72
118,132
548,669
931,902
224,253
28,46
264,264
903,910
388,487
367,406
427,477
90,147
1331,1516
500,539
210,205
941,1029
158,199
618,736
541,570
30,49
411,581
578,584
145,160
180,190
34,49
541,451
560,587
836,909
71,97
108,104
1023,1117
866,1011
123,139
763,881
369,381
334,474
52,60
1099,1262
1083,1211
597,644
266,374
166,210
247,312
626,1162
200,196
276,362
441,483
450,476
412,411
193,184
691,1045
1905,2122
186,201
47,60
546,612
735,858
440,682
296,421
32,72
1152,1607
363,349
371,512
1229,1293
700,746
382,407
741,786
193,228
675,1024
46,55
124,164
364,334
936,1099
86,86
586,706
615,796
546,667
887,1049
104,137
706,805
1019,1263
1431,1453
250,316
81,192
726,756
365,387
229,308
742,976
164,150
892,1097
63,105
240,254
153,269
202,206
75,66
1023,1092
419,699
229,265
244,280
395,473
692,682
403,534
172,191
131,246
619,844
645,601
112,124
500,650
84,234
777,944
20,82
661,587
1466,1534
114,112
121,177
121,147
362,378
378,412
552,761
954,1029
927,1016
73,99
147,167
353,314
1037,1090
33,44
75,66
555,579
877,1040
244,487
422,415
304,478
477,518
845,881
56,102
305,355
169,296
306,304
646,709
411,1024
219,209
287,309
1392,1376
292,342
432,528
218,298
95,149
514,619
351,502
878,874
1185,1205
193,208
497,481
300,294
1024,1074
581,755
40,41
490,1069
768,932
994,1189
104,170
240,220
117,105
42,46
241,345
580,615
200,248
322,357
724,741
111,123
281,350
264,240
138,159
157,211
180,176
225,265
126,141
196,196
339,384
607,672
924,1096
1427,1629
652,662
705,822
466,422
134,204
1171,1191
883,941
975,1113
776,943
743,1093
1005,1372
461,506
484,587
739,1106
138,190
980,989
96,88
946,1008
77,116
563,572
479,514
62,46
182,251
39,52
183,190
577,867
299,333
192,216
313,344
101,99
183,201
1049,1324
161,229
943,1094
695,1021
697,810
469,464
466,499
386,435
150,210
703,790
426,470
119,179
1091,1339
144,172
431,463
274,414
1047,1120
754,853
305,455
339,403
76,133
84,110
122,291
503,750
843,920
239,239
1213,1240
1130,1121
536,574
236,400
37,61
70,122
1023,1081
213,320
56,60
558,655
459,557
396,442
39,54
118,118
851,943
347,335
298,366
389,455
739,820
35,39
102,119
585,596
289,321
294,336
386,466
538,610
212,261
147,150
243,290
1581,1499
87,143
487,603
443,430
365,525
1977,2302
193,292
242,248
422,486
25,40
884,1108
198,190
405,420
41,47
126,126
111,332
793,757
13,16
498,494
263,283
111,135
602,859
273,290
46,46
522,721
94,195
91,180
1191,1313
1249,1328
820,985
492,528
1528,1710
659,748
428,413
30,39
308,395
1022,1010
250,300
109,114
197,386
121,282
915,904
612,591
223,279
1389,1426
1086,1329
33,43
602,738
191,199
488,512
419,658
730,1020
698,561
41,60
630,576
97,131
83,155
73,154
275,275
873,1171
121,241
195,207
37,57
1233,1375
204,180
396,413
133,185
506,532
244,262
736,843
132,351
114,138
699,784
34,45
591,721
507,577
82,188
238,391
57,59
771,823
1335,1452
172,314
408,428
36,60
955,1024
681,846
62,100
67,73
463,393
502,498
266,303
297,597
347,354
475,516
213,273
198,246
210,180
738,718
224,392
283,246
361,605
443,519
177,184
307,356
477,581
252,308
621,796
286,458
499,614
164,287
177,188
961,1062
523,667
29,66
221,507
1050,1086
1743,1868
717,808
233,463
431,440
1295,1296
674,806
549,657
647,624
232,269
1008,1078
140,174
1012,1117
108,131
756,839
188,366
182,201
787,912
204,168
154,172
217,436
859,938
801,746
1067,1201
52,55
111,168
205,379
312,381
310,341
573,670
770,775
319,364
266,300
636,727
259,500
456,654
184,194
620,593
1068,1000
602,597
540,660
415,579
393,433
298,294
513,550
1010,925
88,162
829,918
221,261
582,656
1013,1158
1597,1624
1403,1353
224,172
414,549
313,561
189,192
438,474
434,426
492,455
1342,1312
640,651
306,484
315,475
170,230
600,607
120,158
831,1099
819,912
75,97
130,140
709,762
1113,1331
362,396
1125,1082
312,401
297,360
743,656
722,820
90,158
667,734
551,629
412,576
130,130
53,50
964,1048
76,128
876,943
250,324
163,179
1035,1025
1091,1184
55,65
745,724
102,282
403,663
905,1192
61,159
374,508
66,87
1350,1389
566,651
394,597
837,992
162,288
62,140
912,979
271,350
649,728
599,768
346,460
161,271
371,462
209,287
177,259
1504,1824
116,162
472,519
96,112
448,553
1256,1315
873,1058
60,64
642,691
250,354
509,517
38,59
302,250
174,235
251,269
205,220
956,1041
205,283
101,133
544,614
826,837
337,361
729,1108
90,132
98,108
549,649
131,188
465,517
263,349
133,202
52,69
592,646
25,21
162,218
1326,1499
390,432
239,362
349,408
967,1081
1099,1083
25,25
207,291
106,288
277,291
772,948
236,241
634,815
549,731
265,288
131,159
82,166
405,462
232,234
396,453
266,474
406,494
673,766
119,191
671,669
87,110
249,218
50,56
296,305
988,1258
66,60
288,336
20,21
397,426
42,92
550,634
82,61
612,678
26,30
419,474
652,782
32,37
44,53
895,994
239,276
619,573
623,799
403,535
978,1007
112,155
56,68
25,21
147,287
296,302
535,673
774,864
377,403
345,396
204,194
48,59
206,254
109,109
796,844
342,472
58,83
211,269
251,338
1491,1587
335,506
118,135
881,1206
665,744
675,696
140,174
195,277
544,626
47,40
60,61
557,653
1104,1228
311,474
346,322
2079,2184
288,510
248,268
506,817
603,611
1430,1341
246,326
52,118
487,564
496,470
83,203
538,551
36,55
394,849
482,537
28,105
464,522
177,210
344,331
332,387
819,841
298,478
252,387
170,197
217,199
575,816
360,344
764,773
338,312
1546,1775
231,244
205,271
25,26
435,451
35,50
86,95
242,293
188,260
352,554
411,455
28,44
1096,1321
164,212
494,753
145,194
128,266
230,245
227,202
819,918
195,195
513,571
193,209
264,333
244,248
702,769
161,141
130,240
270,532
326,427
61,108
417,552
521,660
38,56
238,274
413,475
134,140
58,73
525,613
220,325
66,70
1078,1118
1491,1701
623,721
1055,1311
57,95
1047,1059
443,488
639,682
632,683
235,267
320,347
117,169
34,43
169,211
208,266
115,125
78,68
1143,1245
886,853
47,69
478,489
68,63
201,195
1100,1223
43,28
159,188
756,775
81,99
1197,1359
951,1001
590,915
70,104
162,182
865,997
848,901
127,198
1447,1635
421,587
360,1012
592,673
221,257
1280,1329
653,688
132,142
664,732
1032,1142
204,202
164,265
95,91
426,399
452,405
416,462
78,77
413,456
693,786
956,982
399,398
53,62
32,64
771,966
760,788
834,1040
362,464
95,76
64,67
1068,1085
517,575
336,335
465,575
40,44
74,168
717,767
140,189
1070,1212
543,705
238,312
46,60
1240,1233
298,500
685,983
789,993
667,809
102,130
628,703
242,346
573,675
59,87
1139,1231
288,394
888,1069
82,104
136,337
488,588
1329,1118
324,474
402,407
208,252
330,885
346,375
318,391
1379,1335
193,194
435,365
102,136
261,531
90,104
1163,1712
42,48
837,877
21,38
66,69
554,564
82,108
1050,1025
206,226
527,551
285,375
1937,2032
743,891
1257,1482
178,222
304,348
332,378
73,146
680,676
283,469
494,647
26,54
789,719
308,460
66,134
72,84
369,384
214,222
342,435
750,810
112,82
349,374
41,49
341,462
30,22
177,355
199,292
121,140
1141,1150
804,891
48,88
45,63
942,1017
119,137
63,64
982,956
289,353
989,1078
1904,1931
36,78
386,362
817,959
1026,1102
31,43
447,459
190,189
861,1208
53,93
609,686
159,282
1423,1432
252,310
277,434
407,431
1233,1359
107,107
169,182
301,349
180,223
160,102
207,239
299,319
507,556
52,53
68,102
123,256
386,630
911,971
47,56
136,144
201,202
135,126
18,37
662,789
270,486
436,464
452,499
474,494
352,352
840,992
1239,1307
314,350
89,85
169,322
36,102
227,321
1851,1924
216,222
344,405
456,560
73,85
52,69
325,426
133,151
898,948
265,440
341,597
505,534
599,664
399,491
311,358
236,301
788,1092
145,235
687,790
63,67
207,271
166,285
594,662
39,44
397,407
425,524
449,579
502,819
1551,1760
1030,1125
1285,1473
338,433
36,42
115,207
457,499
244,254
379,471
25,22
2187,2094
770,657
80,86
347,626
96,142
676,723
185,372
480,560
22,42
1739,1662
73,80
578,812
1499,1497
271,315
209,236
838,889
971,987
220,304
330,407
438,606
246,261
267,344
102,105
2191,2474
491,616
574,944
861,862
236,272
794,1013
28,55
192,367
412,497
603,676
131,197
271,485
790,884
427,491
182,234
429,635
298,395
127,181
446,388
517,677
146,174
416,431
55,67
537,757
193,279
183,189
673,670
191,227
875,988
286,365
187,183
811,894
128,305
600,603
154,175
635,457
836,857
657,763
1220,1292
924,1032
121,173
863,949
505,727
635,755
13,11
224,259
1141,1285
12,20
1028,1140
70,130
1077,1276
1728,1750
285,478
139,181
486,514
951,996
534,576
565,653
574,702
673,749
42,105
115,109
74,98
100,114
626,682
651,784
68,57
656,759
854,974
270,286
324,376
126,240
64,102
507,617
89,93
147,102
678,777
809,815
1069,1170
134,207
111,234
701,763
548,579
245,271
175,185
1049,1147
968,920
487,514
764,803
1212,1347
802,906
116,132
696,791
455,482
691,720
590,636
158,270
772,808
272,253
251,267
20,44
184,392
84,92
147,133
1131,1239
228,261
209,219
408,449
422,422
191,192
440,544
520,648
88,124
687,1275
802,1019
1359,1441
12,18
85,128
594,659
10,14
399,555
199,198
319,669
424,491
320,353
221,300
503,534
117,204
461,606
129,117
164,354
865,966
385,451
739,840
755,902
196,186
720,879
973,1187
57,125
262,223
228,240
638,986
135,133
775,825
213,180
1442,1465
141,148
879,1120
259,403
598,646
400,444
837,1094
332,339
84,104
851,914
322,401
260,284
420,568
229,297
987,1126
2479,2466
100,124
1148,1228
454,622
53,63
401,432
566,775
300,673
576,641
953,1038
215,248
91,125
132,192
14,23
218,212
256,310
186,266
110,230
538,641
467,502
673,790
132,138
40,69
974,1166
564,661
59,60
566,685
480,524
501,600
158,198
119,136
754,840
188,189
468,619
1598,1830
430,419
596,661
1248,1357
285,259
159,282
42,58
304,336
410,474
682,815
165,178
56,50
755,801
373,380
352,514
373,767
582,693
493,695
197,217
1028,1131
99,97
108,118
565,687
409,525
154,255
254,250
580,648
93,236
997,1126
25,25
709,765
263,290
261,235
1241,1296
761,700
465,479
198,228
81,173
822,1058
36,60
449,462
485,565
428,485
852,934
240,272
1092,1141
87,88
54,87
122,229
394,371
534,855
260,274
909,791
265,480
242,294
447,451
1019,1026
242,253
1163,1269
651,751
181,221
41,54
339,372
634,649
208,199
136,234
399,424
229,222
904,990
1258,1239
306,309
467,528
154,209
28,42
870,1281
80,120
250,248
672,713
62,80
156,274
177,317
168,230
189,247
165,192
244,462
822,816
108,106
651,751
302,462
299,320
696,936
43,54
1461,1598
38,32
362,642
870,1011
1809,1976
1050,1235
333,300
263,292
394,454
1123,1095
389,468
328,358
636,672
58,114
73,96
444,765
55,65
71,76
753,752
56,78
1859,1960
1755,1738
378,472
496,516
337,354
484,533
302,300
606,850
192,205
65,125
656,756
124,154
679,866
50,56
640,671
792,815
744,898
631,831
1280,1445
176,206
607,627
152,181
102,136
209,218
411,446
154,156
390,435
203,218
135,183
438,419
1344,1353
192,229
509,526
294,334
1179,1260
486,578
460,513
256,264
281,439
27,58
1189,1287
1521,1965
1351,1623
368,792
69,102
51,73
240,264
417,480
200,220
839,887
213,282
255,318
291,326
595,750
538,551
692,783
213,129
1037,1252
285,383
897,1213
233,269
198,291
760,878
116,112
575,577
621,406
900,909
105,147
173,248
239,405
752,805
49,29
1038,1016
190,160
262,450
490,588
250,264
685,701
226,383
774,824
376,473
124,233
183,290
163,415
457,519
145,294
64,72
172,197
391,459
127,245
354,355
542,595
1229,1402
834,868
231,258
226,479
265,282
348,304
1034,1112
204,258
61,73
1080,1263
862,1008
117,165
186,198
246,303
146,279
1217,1312
434,503
1133,1481
132,227
28,31
42,48
1074,997
506,739
1289,1263
311,335
24,81
548,543
132,154
124,126
461,484
619,640
1184,1383
192,219
222,243
187,253
326,524
473,503
925,1148
200,259
577,610
535,574
180,278
155,366
409,385
70,130
121,161
982,996
54,50
194,212
633,600
408,438
62,68
87,132
156,196
1058,1078
210,221
571,745
859,932
308,248
461,540
61,58
1146,1264
492,486
93,178
450,489
83,103
333,360
1186,1357
696,933
1514,1521
68,72
332,345
93,181
456,449
310,325
814,886
205,231
480,633
567,814
1296,1390
312,317
408,579
108,124
212,253
136,163
882,916
714,756
1030,1052
398,364
614,663
701,829
333,359
688,797
749,809
1016,1126
290,360
833,872
325,564
654,794
245,558
266,306
138,160
333,340
47,59
510,572
645,710
389,382
412,440
110,172
46,53
315,333
49,58
73,65
94,178
831,922
725,831
845,874
69,87
235,550
214,228
12,12
44,49
766,751
65,80
185,190
18,20
259,600
150,152
423,315
155,164
725,877
381,436
68,68
65,65
714,822
110,119
969,1069
628,853
76,70
941,943
1047,1149
274,327
495,509
303,349
124,130
897,1126
466,567
86,102
76,136
432,417
171,182
830,909
1040,1043
542,607
606,680
1085,1186
362,654
432,521
109,97
335,341
208,334
48,58
14,23
354,521
459,715
777,844
970,1060
419,613
43,52
538,610
881,1035
322,511
196,206
499,497
179,153
25,22
1180,1156
846,911
33,30
264,321
322,295
153,165
749,772
661,744
67,191
243,274
78,171
399,396
110,118
372,395
175,232
480,646
143,147
178,192
366,424
162,159
521,631
641,970
1354,1627
87,141
424,468
100,142
134,200
1018,1080
815,980
42,41
422,669
693,787
741,922
84,262
889,1043
125,248
307,403
635,822
860,864
208,249
184,226
561,671
57,60
1014,1164
622,692
538,684
410,573
851,909
148,169
52,57
536,596
996,1022
132,324
1248,1405
260,551
125,126
346,376
317,659
1315,1293
48,53
115,211
222,234
539,525
186,352
643,704
147,171
217,292
144,235
319,355
666,809
53,44
60,66
193,265
376,506
1288,1445
135,186
861,1007
132,211
143,178
57,39
664,912
142,142
210,254
533,614
94,122
804,989
122,140
587,616
78,147
56,88
105,224
317,246
491,495
130,181
268,234
262,276
133,98
457,458
1325,1442
361,361
97,133
110,124
42,55
727,882
92,126
42,47
317,326
167,270
1067,1260
478,559
96,73
195,347
281,356
201,200
74,94
822,947
167,235
218,255
1184,1137
524,555
554,568
333,418
695,715
218,206
452,608
168,343
585,645
535,583
176,211
298,330
108,120
1238,1235
52,44
236,250
413,477
286,346
211,197
477,504
152,223
540,723
1039,1257
185,264
628,623
1118,1181
656,664
189,190
284,297
339,331
21,54
331,406
314,400
172,232
792,977
39,45
141,330
1553,1932
99,110
384,446
292,467
641,947
398,510
213,316
35,35
256,344
489,471
1027,1157
41,81
1493,1601
592,592
414,470
455,485
606,785
939,1129
128,161
620,988
571,733
180,186
469,481
674,773
156,244
361,376
170,208
41,59
241,463
108,114
212,448
222,292
807,908
155,159
144,148
98,108
607,844
49,50
185,390
404,423
350,453
590,633
449,393
499,658
1164,1166
754,752
1226,1495
188,324
2070,1833
806,1019
114,124
1055,1214
1032,1171
451,957
1004,994
1237,1344
340,322
2070,1833
108,177
1411,1529
147,138
88,138
109,248
14,21
160,252
883,1078
466,691
62,112
1026,1109
390,445
536,626
152,237
975,989
526,598
156,185
104,124
364,346
561,586
406,484
115,189
628,993
143,267
109,93
798,759
245,457
109,119
416,495
72,104
254,322
46,55
224,244
641,785
335,345
599,594
545,622
232,681
435,551
126,186
62,100
466,544
29,55
334,417
233,251
993,1013
500,585
236,474
1086,1250
393,463
22,35
330,315
84,116
552,615
349,351
44,116
80,114
786,838
90,171
1114,1106
261,257
695,751
890,1024
394,798
1293,1466
652,825
972,1003
513,583
539,643
103,121
333,372
52,188
524,697
128,114
789,746
534,527
577,681
229,219
462,448
268,388
95,91
484,454
1155,1237
657,632
85,153
215,262
473,793
206,266
1336,1372
376,454
622,759
809,737
565,690
598,587
325,349
1206,1423
1051,1029
389,424
360,352
459,524
1236,1271
371,435
116,271
481,411
1504,1562
1446,1568
654,844
74,88
41,41
406,559
178,234
193,212
485,693
1068,1083
468,460
162,166
421,501
45,43
132,128
257,270
52,64
72,113
273,315
572,718
688,876
81,105
127,116
1129,1207
1007,1101
433,524
552,668
521,542
156,226
206,271
833,970
316,375
283,326
365,417
324,629
216,530
1326,1303
1418,1375
713,811
181,433
604,745
116,276
130,268
258,303
793,911
105,121
278,278
1163,947
1006,1133
342,387
130,251
1100,1213
284,320
494,650
452,455
603,720
206,255
423,418
247,267
623,714
40,60
471,556
344,443
871,1025
964,1004
1514,1577
119,123
114,96
481,510
656,651
1301,1294
766,837
172,204
953,1040
307,344
291,357
376,412
30,51
643,743
1426,1502
1178,1226
196,486
41,45
734,808
1812,2098
355,508
1005,1073
290,354
519,530
1028,1058
764,831
178,186
141,260
476,513
102,104
1005,1108
831,925
73,189
142,256
573,940
749,706
353,376
213,248
143,397
100,138
894,931
170,268
315,317
834,864
1346,1335
1005,979
698,752
64,75
885,983
114,177
274,282
319,406
984,1042
84,162
414,412
91,198
285,299
315,528
1181,1289
1805,1797
63,61
1642,1653
645,711
609,638
45,62
286,349
176,256
175,312
888,997
1067,1032
848,833
864,1016
175,294
187,249
756,803
512,581
675,694
895,965
305,299
42,50
984,950
329,325
56,64
697,780
324,467
193,699
48,72
484,518
844,828
80,74
417,435
435,392
607,637
1115,1229
531,539
121,155
1041,1310
130,285
214,218
396,448
889,1042
415,447
41,41
408,562
748,695
389,380
239,259
84,116
404,700
114,108
267,698
694,750
513,760
724,980
75,115
678,689
607,725
19,56
914,950
140,315
205,321
52,64
500,637
462,506
259,306
120,125
264,244
1333,1371
121,255
316,609
604,639
129,213
518,664
186,185
172,180
774,936
297,268
907,1296
244,424
1081,1128
55,171
481,472
275,289
22,47
1154,1240
1555,1715
186,224
442,479
736,906
339,532
186,310
634,661
106,122
1058,1296
801,978
182,201
392,550
386,376
166,286
16,55
713,787
247,551
873,1176
264,327
633,649
119,130
563,903
159,234
177,329
1320,1302
707,707
1190,1428
437,347
194,328
964,940
80,83
269,305
110,127
315,311
112,120
88,150
242,390
556,617
1753,1783
589,750
450,601
152,200
1171,1268
84,124
115,185
468,627
510,609
192,250
362,628
427,448
654,679
145,177
244,286
53,56
1062,962
1101,1333
428,416
119,155
178,189
137,170
1108,1147
63,97
295,332
264,281
460,565
601,648
189,265
284,465
653,713
655,658
193,205
551,561
879,813
1165,1174
226,356
703,854
58,66
108,137
697,724
486,768
388,470
373,494
806,839
593,674
751,995
380,592
1156,1197
114,126
406,501
294,689
862,876
164,212
345,424
127,213
188,274
232,273
143,296
818,988
293,321
976,1040
145,154
91,91
291,531
151,275
596,653
158,152
392,419
199,353
507,506
1480,1570
50,55
654,759
56,175
1357,1338
774,895
1580,1677
628,825
42,52
528,597
727,800
743,789
337,393
491,654
53,63
669,740
52,61
161,194
190,288
100,154
935,1068
822,926
56,93
115,175
993,1004
164,240
963,1043
99,116
179,208
95,101
387,515
256,495
84,98
432,507
379,407
538,786
1082,1198
867,856
753,793
148,228
1371,1421
186,181
413,512
863,835
189,201
258,356
1289,1304
208,184
275,360
662,1013
788,821
106,122
139,184
510,569
132,175
617,620
284,317
194,197
42,69
115,76
76,76
898,986
319,349
156,159
50,74
705,790
217,265
191,157
825,875
306,386
97,120
641,755
209,276
332,365
566,683
243,245
362,476
2438,2562
55,69
966,1096
642,620
702,652
993,1122
22,56
48,58
1200,1176
140,164
94,257
46,54
692,865
111,208
322,600
13,21
131,166
116,282
818,1029
351,471
335,454
760,797
185,290
346,386
1260,1642
705,709
408,372
831,953
354,399
97,96
1307,1365
230,206
394,363
295,276
799,738
152,182
596,549
349,279
521,593
393,401
234,460
1255,1298
427,581
231,240
61,57
555,476
384,375
770,826
178,240
1253,1262
119,133
279,353
120,129
51,66
557,833
378,450
204,220
81,89
256,264
220,264
995,1074
280,242
112,110
746,745
444,528
871,961
389,577
923,978
206,224
659,806
314,362
69,77
202,254
381,411
925,941
168,218
109,129
609,733
1019,1178
500,566
616,896
1200,1331
223,240
61,69
1282,1149
298,348
268,284
998,1084
711,713
1083,1177
1117,1264
22,44
534,569
136,204
792,772
571,607
165,267
169,312
244,286
398,422
277,308
82,155
482,576
72,75
1357,1436
230,274
757,990
70,124
306,307
379,511
379,397
497,505
588,684
82,128
409,437
74,112
1169,1176
710,781
1230,1200
464,479
777,735
1065,1110
24,32
647,688
111,156
294,314
180,175
418,599
853,916
316,301
1274,1343
107,234
93,156
876,990
216,327
117,281
63,76
137,178
941,946
369,452
555,628
997,1316
673,844
1067,1015
846,869
1004,1001
195,180
216,208
82,124
311,429
158,154
266,337
94,103
385,771
175,225
128,162
380,382
1108,1242
54,66
104,180
252,330
682,814
1219,1229
479,533
118,264
936,1024
1079,1227
53,72
365,523
176,200
262,442
506,562
881,1075
331,421
209,222
64,142
932,924
1015,1096
36,42
431,433
564,606
300,323
120,168
1194,1334
119,188
70,74
412,577
141,147
139,196
440,451
210,280
564,605
579,706
1759,1973
171,159
448,376
368,447
146,140
417,408
635,671
1011,1149
148,201
566,606
143,138
153,177
46,64
741,854
598,608
438,566
255,362
1154,1182
1192,1481
307,320
147,281
442,694
953,1125
237,588
975,1066
150,333
106,220
442,435
24,107
764,833
32,44
191,215
340,401
1058,1113
111,101
73,111
343,473
531,680
722,652
108,100
89,118
156,216
10,24
205,327
551,625
36,38
1280,1305
164,225
121,131
381,635
241,418
180,242
468,543
163,547
62,88
982,1125
797,1068
60,210
172,198
109,142
978,929
145,208
690,808
28,64
965,1159
1204,1272
1330,1626
1073,1175
245,314
812,909
626,728
981,1129
1318,1439
159,383
277,441
172,185
586,578
72,69
1185,1144
39,48
1324,1418
384,467
704,828
112,120
469,539
640,916
1499,1663
423,527
133,254
39,78
763,721
762,857
336,345
125,255
369,466
438,461
416,406
130,110
405,368
191,200
194,223
606,857
80,115
477,476
147,207
457,598
234,248
246,328
599,620
113,295
59,60
416,449
888,953
877,1012
874,999
1204,1504
1606,1614
446,450
64,48
53,52
427,432
1209,1283
669,748
251,236
68,74
419,451
868,1016
185,282
30,50
987,1091
208,258
404,378
86,88
237,233
739,709
63,162
25,20
125,136
106,110
386,494
45,67
267,275
196,187
312,520
102,253
514,675
123,146
115,134
239,420
924,925
57,61
655,791
820,951
312,389
928,1012
871,920
152,173
48,125
428,512
986,1048
486,467
34,63
353,407
1431,1364
111,115
560,523
208,218
83,191
1253,1340
611,646
416,505
282,361
88,132
398,698
663,778
463,476
113,123
134,130
164,382
610,705
124,129
815,804
529,680
106,121
307,325
243,276
808,845
158,217
869,897
104,168
572,822
522,506
261,319
323,419
1090,1141
356,465
408,573
314,314
690,771
649,728
596,602
583,549
343,382
87,210
611,687
204,284
286,273
477,543
128,252
705,716
59,71
200,228
459,571
462,455
16,22
97,284
528,563
1111,1164
958,919
25,21
87,103
256,252
101,187
152,216
113,120
990,1036
219,228
2060,2179
76,74
149,173
46,96
662,682
1542,1563
530,680
121,126
20,39
300,345
319,526
131,246
332,487
468,602
418,564
160,169
404,389
224,219
257,324
692,787
905,941
75,109
800,854
229,286
57,67
524,612
118,126
914,976
168,248
38,43
774,795
358,407
444,431
272,291
1686,1781
491,530
714,793
1049,1072
907,1036
448,453
192,336
653,740
559,629
146,151
282,351
154,234
213,269
1259,1295
1409,1410
41,75
341,386
355,382
159,205
17,18
179,251
56,69
464,524
266,609
64,71
58,60
382,452
1048,1272
62,68
26,53
1135,1310
776,863
107,190
751,984
575,639
167,191
94,92
207,229
138,176
736,789
1202,1188
845,835
709,698
286,475
997,1289
268,255
893,958
449,423
335,345
544,597
131,155
847,1185
13,21
795,902
1322,1482
104,260
712,731
1485,1771
207,242
100,232
752,826
90,112
188,244
847,984
707,852
820,735
166,290
460,439
366,556
765,861
139,319
968,876
1248,1486
476,484
162,155
149,223
1196,1234
126,127
184,196
845,896
889,970
50,70
521,698
1444,1679
773,786
102,120
100,175
189,223
64,174
552,650
1003,1222
316,401
117,132
307,375
403,355
392,444
176,155
693,805
557,539
116,130
93,206
74,134
775,900
223,342
122,155
175,345
108,195
136,278
267,369
940,1003
735,867
587,612
922,1061
506,557
414,482
267,277
321,344
852,1031
235,319
118,139
341,374
62,82
99,157
116,124
190,568
1001,995
642,660
78,110
195,200
540,635
247,276
48,61
92,118
177,182
78,91
1211,1352
360,462
167,511
68,158
81,174
254,323
1587,1506
525,624
750,734
31,50
47,58
609,703
53,67
80,108
241,314
324,313
646,728
155,188
174,163
31,50
213,421
42,59
404,591
787,934
756,736
490,620
25,20
862,870
661,691
296,345
755,751
905,1276
54,92
529,603
451,620
614,654
53,67
953,1159
352,376
798,813
161,308
156,143
1217,1323
240,303
578,725
894,1427
739,651
42,40
230,242
44,91
420,469
151,177
681,729
780,803
160,228
148,265
1543,1633
693,872
403,416
303,585
567,672
709,717
609,621
345,402
198,231
344,615
440,546
369,552
1529,1617
275,346
1296,1254
234,294
104,134
377,454
1898,1897
682,717
903,1048
129,151
66,58
131,145
351,313
650,746
167,216
1373,1534
537,555
189,257
534,606
82,120
553,627
241,304
580,659
51,83
502,554
356,474
737,851
171,216
192,324
1051,1022
869,1009
18,18
92,92
514,769
415,544
44,146
81,105
120,150
1370,1587
291,341
183,201
350,568
111,124
304,318
45,71
918,991
534,490
738,830
196,281
579,656
76,80
99,115
988,1043
48,60
265,632
27,38
798,826
554,614
815,872
316,423
798,995
351,453
384,390
115,290
627,841
327,371
831,911
86,134
297,353
106,101
523,613
30,25
41,52
65,70
104,123
99,240
144,174
31,54
147,153
107,230
288,322
724,836
134,224
161,145
157,189
78,68
182,176
218,267
282,355
237,265
1591,1593
45,63
645,777
288,352
1261,1236
412,622
303,362
204,204
943,849
390,454
140,189
411,488
228,268
558,541
192,189
586,640
732,893
92,98
1111,1186
55,62
402,470
1053,1186
241,266
419,434
464,515
271,192
1370,1430
247,243
584,632
162,186
171,172
44,51
85,100
293,308
190,255
513,516
482,505
588,598
283,312
211,484
48,116
92,169
1355,1488
254,323
68,58
919,964
510,544
813,825
205,233
113,110
656,806
24,36
560,729
69,73
1142,1205
718,811
100,93
61,58
597,677
264,318
536,577
996,968
884,958
894,944
466,465
53,66
79,145
56,55
686,844
592,642
1093,1179
736,842
159,187
247,315
1108,1106
84,78
351,314
312,302
88,119
897,1028
219,267
262,296
261,355
285,295
216,330
1569,1593
349,423
200,201
190,250
614,640
322,549
62,72
63,68
1112,1106
294,264
576,635
209,188
79,99
950,1045
352,415
166,267
177,186
827,890
135,217
197,257
253,278
911,1000
716,789
774,788
94,90
200,222
269,289
66,69
704,683
124,136
591,588
263,284
566,988
101,131
642,603
230,283
666,815
404,420
730,751
650,528
591,719
835,845
156,174
102,106
132,426
556,597
478,543
233,296
719,903
76,175
130,136
263,242
220,272
160,196
1294,1366
852,906
128,127
332,408
984,938
942,1187
301,333
390,431
81,133
150,362
373,444
25,72
15,36
52,64
102,131
408,362
182,239
450,440
631,616
222,312
162,210
51,64
921,915
209,231
213,397
166,177
25,29
325,433
186,397
367,410
177,282
623,674
586,681
92,83
708,734
80,86
434,518
1170,1153
1760,1753
177,210
682,520
1050,1171
498,587
623,677
75,107
644,670
169,172
483,513
122,245
65,180
422,434
342,342
309,325
685,676
263,280
93,161
163,177
380,427
457,512
126,134
161,114
467,487
1471,1563
451,475
917,889
400,413
1270,1297
305,307
735,771
847,909
165,172
143,168
39,46
1151,1143
78,82
303,449
180,342
267,285
283,303
184,200
636,605
423,439
191,202
